-- phpMyAdmin SQL Dump
-- version 4.8.0.1
-- https://www.phpmyadmin.net/
--
-- Host: localhost
-- Generation Time: May 22, 2018 at 01:25 PM
-- Server version: 5.7.19
-- PHP Version: 7.1.7

SET SQL_MODE = "NO_AUTO_VALUE_ON_ZERO";
SET AUTOCOMMIT = 0;
START TRANSACTION;
SET time_zone = "+00:00";


/*!40101 SET @OLD_CHARACTER_SET_CLIENT=@@CHARACTER_SET_CLIENT */;
/*!40101 SET @OLD_CHARACTER_SET_RESULTS=@@CHARACTER_SET_RESULTS */;
/*!40101 SET @OLD_COLLATION_CONNECTION=@@COLLATION_CONNECTION */;
/*!40101 SET NAMES utf8mb4 */;

--
-- Database: `eapi`
--

-- --------------------------------------------------------

--
-- Table structure for table `migrations`
--

CREATE TABLE `migrations` (
  `id` int(10) UNSIGNED NOT NULL,
  `migration` varchar(255) COLLATE utf8mb4_unicode_ci NOT NULL,
  `batch` int(11) NOT NULL
) ENGINE=InnoDB DEFAULT CHARSET=utf8mb4 COLLATE=utf8mb4_unicode_ci;

--
-- Dumping data for table `migrations`
--

INSERT INTO `migrations` (`id`, `migration`, `batch`) VALUES
(5, '2014_10_12_000000_create_users_table', 1),
(6, '2014_10_12_100000_create_password_resets_table', 1),
(7, '2018_05_22_112531_create_products_table', 1),
(8, '2018_05_22_112731_create_reviews_table', 1);

-- --------------------------------------------------------

--
-- Table structure for table `password_resets`
--

CREATE TABLE `password_resets` (
  `email` varchar(255) COLLATE utf8mb4_unicode_ci NOT NULL,
  `token` varchar(255) COLLATE utf8mb4_unicode_ci NOT NULL,
  `created_at` timestamp NULL DEFAULT NULL
) ENGINE=InnoDB DEFAULT CHARSET=utf8mb4 COLLATE=utf8mb4_unicode_ci;

-- --------------------------------------------------------

--
-- Table structure for table `products`
--

CREATE TABLE `products` (
  `id` int(10) UNSIGNED NOT NULL,
  `name` varchar(255) COLLATE utf8mb4_unicode_ci NOT NULL,
  `detail` text COLLATE utf8mb4_unicode_ci NOT NULL,
  `price` int(11) NOT NULL,
  `stock` int(11) NOT NULL,
  `discount` int(11) NOT NULL,
  `created_at` timestamp NULL DEFAULT NULL,
  `updated_at` timestamp NULL DEFAULT NULL
) ENGINE=InnoDB DEFAULT CHARSET=utf8mb4 COLLATE=utf8mb4_unicode_ci;

--
-- Dumping data for table `products`
--

INSERT INTO `products` (`id`, `name`, `detail`, `price`, `stock`, `discount`, `created_at`, `updated_at`) VALUES
(1, 'minus', 'Molestiae commodi eos perferendis molestias. Tenetur perferendis quis mollitia accusantium asperiores voluptatem recusandae. Quod dignissimos id nesciunt delectus. Voluptas sapiente ea sunt odio aut.', 890, 7, 19, '2018-05-22 10:56:50', '2018-05-22 10:56:50'),
(2, 'omnis', 'Ea ullam ad rerum ad enim. Hic nam quis dolorem non et omnis aperiam fugit. Aut rem natus quis non itaque labore saepe.', 775, 8, 12, '2018-05-22 10:56:51', '2018-05-22 10:56:51'),
(3, 'non', 'Qui similique sequi accusamus inventore sint. Id unde impedit quia. Incidunt magnam perferendis molestiae rerum. Qui sunt rerum sed ut. Harum possimus voluptas perferendis nesciunt omnis eligendi.', 808, 7, 8, '2018-05-22 10:56:51', '2018-05-22 10:56:51'),
(4, 'nihil', 'Aut blanditiis sed magnam quaerat aut soluta accusamus eligendi. Quisquam laudantium voluptas quaerat totam quasi facilis. Non expedita sed autem accusamus.', 747, 3, 4, '2018-05-22 10:56:51', '2018-05-22 10:56:51'),
(5, 'ullam', 'Et molestias dolorem quo consequatur numquam rerum dolor. Cum necessitatibus quae ut quod error delectus. Accusamus placeat voluptatem vel soluta eos voluptatem. Adipisci qui repudiandae reprehenderit nemo explicabo harum quod.', 662, 6, 3, '2018-05-22 10:56:52', '2018-05-22 10:56:52'),
(6, 'qui', 'Veniam necessitatibus libero qui quos exercitationem voluptatem pariatur odio. Debitis et expedita quidem voluptas dolor necessitatibus. Omnis velit aliquid expedita quo eaque omnis nesciunt.', 941, 8, 3, '2018-05-22 10:56:52', '2018-05-22 10:56:52'),
(7, 'voluptas', 'Deleniti voluptatem aut molestias est minima explicabo in. In cum maiores quam laborum. Libero recusandae at eum quae itaque omnis dolores.', 706, 5, 12, '2018-05-22 10:56:52', '2018-05-22 10:56:52'),
(8, 'ex', 'Iste vero aut animi provident laboriosam ipsam. Et porro quisquam quia facilis nobis molestias repellat. Minima voluptatem et voluptas.', 565, 7, 19, '2018-05-22 10:56:52', '2018-05-22 10:56:52'),
(9, 'iste', 'Sed tenetur et magni similique accusantium numquam est. Reprehenderit tenetur ea ad ex excepturi est. Eligendi debitis temporibus molestiae nisi quaerat.', 217, 4, 9, '2018-05-22 10:56:52', '2018-05-22 10:56:52'),
(10, 'dolores', 'Et id quam qui. Enim ab aliquid dicta ut omnis ab. Nisi error adipisci aut eos deleniti doloribus debitis voluptatibus. Excepturi saepe reprehenderit sed explicabo eos ut.', 572, 5, 14, '2018-05-22 10:56:53', '2018-05-22 10:56:53'),
(11, 'non', 'Ullam et rerum voluptatem qui quaerat. Consequatur eum occaecati ea odit quaerat dolores. Dolor laudantium modi eius reprehenderit enim voluptatem aut. Tenetur sint dolorem laboriosam aliquam fugit.', 474, 7, 2, '2018-05-22 10:56:53', '2018-05-22 10:56:53'),
(12, 'vero', 'Quia atque saepe quae nobis autem aliquid. Est in ab et blanditiis rerum. Doloremque et numquam ut laudantium.', 734, 1, 14, '2018-05-22 10:56:53', '2018-05-22 10:56:53'),
(13, 'est', 'Aliquam qui amet est neque. Velit mollitia debitis aut asperiores error quam atque. Distinctio soluta deleniti eveniet possimus incidunt praesentium harum.', 951, 3, 15, '2018-05-22 10:56:53', '2018-05-22 10:56:53'),
(14, 'et', 'Enim sunt assumenda quo non non nihil explicabo. Iure modi placeat laudantium odio recusandae. Aut rerum fugit voluptatem velit aspernatur voluptatem.', 779, 0, 12, '2018-05-22 10:56:53', '2018-05-22 10:56:53'),
(15, 'ex', 'Sint est culpa et corporis quibusdam eveniet facilis. Rerum velit totam sed harum. Et quia in itaque quod suscipit aut qui.', 673, 1, 23, '2018-05-22 10:56:53', '2018-05-22 10:56:53'),
(16, 'aperiam', 'Eum a dolores sit placeat ut quis ipsam. Nam hic amet maxime sit. Asperiores natus ut quibusdam quidem. Ex ut non vero quia odit ea voluptatem voluptas.', 249, 6, 3, '2018-05-22 10:56:53', '2018-05-22 10:56:53'),
(17, 'dicta', 'Nihil dignissimos eos omnis earum veritatis temporibus deleniti. Illum iste maiores est.', 831, 1, 9, '2018-05-22 10:56:53', '2018-05-22 10:56:53'),
(18, 'sed', 'Animi ducimus et mollitia facilis. Et veniam facilis id dolores eius. Et omnis et quia dolores molestiae sapiente. Quia ea cumque animi.', 816, 7, 26, '2018-05-22 10:56:54', '2018-05-22 10:56:54'),
(19, 'sit', 'Corporis assumenda temporibus et ducimus. Adipisci atque et sapiente autem quidem autem totam. Eos dicta nisi et quaerat. Qui assumenda a magnam ut et quasi ratione. Est tempore perspiciatis repellat id aperiam.', 201, 5, 2, '2018-05-22 10:56:54', '2018-05-22 10:56:54'),
(20, 'ex', 'Totam dolor rem magni ad. Provident excepturi laboriosam reprehenderit nulla. Sit voluptas nemo et.', 493, 4, 30, '2018-05-22 10:56:54', '2018-05-22 10:56:54'),
(21, 'libero', 'Totam amet sint quo mollitia. Sed repellendus nisi minus deleniti. Iste dicta commodi dolor quaerat.', 922, 6, 20, '2018-05-22 10:56:54', '2018-05-22 10:56:54'),
(22, 'officia', 'Consequatur placeat ratione dicta quo sit neque in. Sint ut explicabo minima quod voluptatibus. Illum accusamus libero inventore deserunt aut quia necessitatibus.', 833, 5, 3, '2018-05-22 10:56:54', '2018-05-22 10:56:54'),
(23, 'sit', 'Recusandae sequi odit culpa numquam. Quaerat ut eius quos nihil. Iusto ex quam libero eos dolor laborum. Et sit eum est aperiam et.', 355, 5, 14, '2018-05-22 10:56:54', '2018-05-22 10:56:54'),
(24, 'ea', 'In non quo ut aut sit dolor perferendis est. Repudiandae esse esse excepturi odio. Quasi molestiae est ipsam cum nobis.', 373, 9, 21, '2018-05-22 10:56:54', '2018-05-22 10:56:54'),
(25, 'nam', 'Doloremque non non aliquam voluptate at sunt ducimus vel. Dolorum suscipit sit error nesciunt qui repudiandae possimus. Rerum impedit harum exercitationem.', 606, 6, 8, '2018-05-22 10:56:55', '2018-05-22 10:56:55'),
(26, 'ut', 'Totam vel ut vero ut molestiae ut et et. Id et molestias in rerum dolorem nihil illum. Tenetur tenetur voluptas quas molestias.', 391, 2, 14, '2018-05-22 10:56:55', '2018-05-22 10:56:55'),
(27, 'sapiente', 'Porro pariatur soluta voluptatum porro incidunt. Quis reprehenderit exercitationem suscipit sint omnis. Impedit dolor quam nihil necessitatibus odio illo repellat. Quos officiis odio aut omnis quia aut dolor.', 473, 3, 27, '2018-05-22 10:56:55', '2018-05-22 10:56:55'),
(28, 'labore', 'Delectus quis iusto dignissimos voluptatem perferendis. Nam fugit vel maiores vel. At cumque consequuntur nesciunt rerum dolores sed dolores vero. Reiciendis quis molestias odio repellat qui. Et esse corporis rerum fugiat.', 988, 3, 6, '2018-05-22 10:56:55', '2018-05-22 10:56:55'),
(29, 'molestias', 'Atque eius rerum et voluptatum omnis nihil. Soluta blanditiis sed est dolorem sint ut iusto iure. Expedita expedita non velit. Molestiae veniam est aut quisquam.', 146, 2, 22, '2018-05-22 10:56:55', '2018-05-22 10:56:55'),
(30, 'temporibus', 'Inventore eos quam incidunt. Error aperiam ut magni qui accusamus occaecati ipsa reprehenderit. Omnis officiis culpa incidunt exercitationem molestiae. Quae recusandae in et illum quas qui rerum.', 651, 9, 19, '2018-05-22 10:56:55', '2018-05-22 10:56:55'),
(31, 'voluptas', 'Similique eum et autem beatae. Sapiente omnis et quibusdam et quos corporis.', 862, 5, 17, '2018-05-22 10:56:55', '2018-05-22 10:56:55'),
(32, 'et', 'Temporibus fuga est sed corrupti ipsa architecto ut. Rerum qui quia ipsam error numquam. Voluptas sunt quibusdam et reprehenderit pariatur sint.', 593, 3, 25, '2018-05-22 10:56:56', '2018-05-22 10:56:56'),
(33, 'eveniet', 'Blanditiis qui ut omnis ipsam aut. Voluptatem unde qui perferendis maiores voluptates voluptatem. Eaque sequi aliquam aut deleniti quod.', 361, 4, 5, '2018-05-22 10:56:56', '2018-05-22 10:56:56'),
(34, 'dolorem', 'Rerum quis voluptatem harum rerum est culpa alias. Placeat sit quaerat facere voluptatum et et. Aut ut neque minus amet. Et magni impedit facere ea expedita.', 778, 0, 4, '2018-05-22 10:56:56', '2018-05-22 10:56:56'),
(35, 'voluptatem', 'At aliquid non eveniet dignissimos amet earum maxime. Est qui totam quas ut nobis quis earum. Maiores debitis sit quibusdam. Ut cupiditate sunt odit.', 240, 8, 19, '2018-05-22 10:56:56', '2018-05-22 10:56:56'),
(36, 'in', 'Ipsam eius cumque nihil. Qui asperiores aut veritatis temporibus vel. Ea quia at eligendi aliquid.', 735, 9, 9, '2018-05-22 10:56:56', '2018-05-22 10:56:56'),
(37, 'cumque', 'Quod expedita neque et aut voluptates quia. Rerum velit ut repudiandae iste. Temporibus omnis totam nobis.', 565, 3, 22, '2018-05-22 10:56:57', '2018-05-22 10:56:57'),
(38, 'quibusdam', 'Ab nihil exercitationem sed laborum provident doloribus culpa. Nihil est labore aut tempora cumque. Ipsum non maxime beatae ut omnis enim in.', 139, 3, 6, '2018-05-22 10:56:57', '2018-05-22 10:56:57'),
(39, 'cum', 'Optio minus corporis officia aliquid. Sunt consequatur nihil eligendi ex ut ut mollitia eos. Aut fugiat eaque aut non accusantium at consequuntur. Consequuntur tenetur quibusdam aliquid dolores et.', 780, 0, 21, '2018-05-22 10:56:58', '2018-05-22 10:56:58'),
(40, 'minus', 'Vitae rerum rem porro doloremque molestiae mollitia delectus ducimus. Necessitatibus voluptatem totam et ut neque. Est sint non et ut. Aut voluptatum qui ut aut.', 479, 1, 24, '2018-05-22 10:56:58', '2018-05-22 10:56:58'),
(41, 'ut', 'Est provident consequatur perferendis et molestias adipisci vitae mollitia. Voluptatem cupiditate assumenda eos amet ad dolores recusandae quibusdam. Nobis inventore cumque fugiat impedit est. Perspiciatis et blanditiis sit ipsa architecto ut.', 982, 6, 13, '2018-05-22 10:56:59', '2018-05-22 10:56:59'),
(42, 'odio', 'Reiciendis facilis officiis ut vel voluptatibus. Dolorem ut rerum ut iste cupiditate. Eveniet voluptatibus vel ea fuga nihil. Est aut et tempore eos asperiores minus saepe.', 784, 3, 11, '2018-05-22 10:56:59', '2018-05-22 10:56:59'),
(43, 'harum', 'Voluptatum non officiis saepe autem aliquam sequi. Vitae itaque et eos eum quis. Nihil aut alias quo commodi mollitia id. Incidunt in sapiente eveniet a ab aliquam ipsa vel. Neque cum et voluptas ut nulla odio ut veritatis.', 359, 7, 27, '2018-05-22 10:56:59', '2018-05-22 10:56:59'),
(44, 'amet', 'A vel iusto et illo fugit est. Non asperiores quos blanditiis. Nam ut repellendus natus molestiae similique iste ea.', 216, 1, 8, '2018-05-22 10:57:00', '2018-05-22 10:57:00'),
(45, 'iusto', 'Similique et et ipsa molestiae repudiandae delectus accusamus delectus. Repudiandae qui non mollitia aut explicabo. Tempore incidunt fugiat maiores aspernatur voluptas ea.', 994, 1, 28, '2018-05-22 10:57:00', '2018-05-22 10:57:00'),
(46, 'ad', 'Delectus voluptatem dignissimos perspiciatis perspiciatis ea corporis qui. Repudiandae incidunt perferendis nihil. Earum eum aut voluptates et delectus. Debitis ducimus blanditiis labore sed eligendi.', 551, 0, 18, '2018-05-22 10:57:00', '2018-05-22 10:57:00'),
(47, 'omnis', 'Ut aspernatur quisquam magnam eum doloremque dolores quia. Animi autem possimus expedita. In sit aliquam sed dicta.', 129, 1, 9, '2018-05-22 10:57:00', '2018-05-22 10:57:00'),
(48, 'incidunt', 'Nobis aut distinctio non voluptates sequi. Placeat asperiores dignissimos vel ratione modi sed et. Et numquam ex rerum sit cupiditate ut sed cupiditate.', 668, 9, 14, '2018-05-22 10:57:01', '2018-05-22 10:57:01'),
(49, 'odit', 'Et a exercitationem consequatur. Consectetur provident amet ut aut dolorem repudiandae et. Ut eius asperiores dicta eius in. Ratione rem impedit minima dolor.', 931, 2, 7, '2018-05-22 10:57:01', '2018-05-22 10:57:01'),
(50, 'incidunt', 'Dicta aliquid et autem est omnis. Laborum consequuntur sint vel vero non.', 938, 0, 4, '2018-05-22 10:57:01', '2018-05-22 10:57:01');

-- --------------------------------------------------------

--
-- Table structure for table `reviews`
--

CREATE TABLE `reviews` (
  `id` int(10) UNSIGNED NOT NULL,
  `product_id` int(10) UNSIGNED NOT NULL,
  `customer` varchar(255) COLLATE utf8mb4_unicode_ci NOT NULL,
  `review` text COLLATE utf8mb4_unicode_ci NOT NULL,
  `star` int(11) NOT NULL,
  `created_at` timestamp NULL DEFAULT NULL,
  `updated_at` timestamp NULL DEFAULT NULL
) ENGINE=InnoDB DEFAULT CHARSET=utf8mb4 COLLATE=utf8mb4_unicode_ci;

--
-- Dumping data for table `reviews`
--

INSERT INTO `reviews` (`id`, `product_id`, `customer`, `review`, `star`, `created_at`, `updated_at`) VALUES
(1, 30, 'Meta Torp', 'Placeat ut eos id cum incidunt nihil eaque eaque. Vero ipsa ipsum velit nemo quae. Aspernatur officiis quod et culpa voluptas quia quaerat. Dolores nesciunt similique vitae explicabo perspiciatis ut.', 3, '2018-05-22 10:57:02', '2018-05-22 10:57:02'),
(2, 8, 'Elvie Zulauf', 'Esse culpa occaecati ut sed maiores. Itaque blanditiis adipisci nam voluptatum nobis autem. In veniam aut natus rerum assumenda voluptatem est.', 0, '2018-05-22 10:57:03', '2018-05-22 10:57:03'),
(3, 37, 'Landen Hamill', 'Velit dignissimos quod et dolor. Rerum inventore modi consequatur cum explicabo. Veniam dicta et quam. Sed aut sequi aliquid et. Qui rerum quia est suscipit est.', 5, '2018-05-22 10:57:03', '2018-05-22 10:57:03'),
(4, 37, 'Jayson Volkman', 'Minima atque delectus maxime facilis sed et voluptatem. Cumque esse molestiae est voluptatum.', 5, '2018-05-22 10:57:04', '2018-05-22 10:57:04'),
(5, 43, 'Lucy Sporer', 'Dolores numquam magnam possimus vel aliquid dolor. Placeat et autem voluptate aut mollitia quod.', 4, '2018-05-22 10:57:04', '2018-05-22 10:57:04'),
(6, 32, 'Kody Haley', 'Aut mollitia quaerat reiciendis. Doloremque dolores quia molestiae et labore ab. Ducimus harum delectus ullam deleniti qui enim.', 3, '2018-05-22 10:57:04', '2018-05-22 10:57:04'),
(7, 12, 'Chelsey Bayer', 'Ipsam dolor aut ex porro exercitationem occaecati. Quibusdam numquam ullam possimus. Reprehenderit voluptatem sed fuga nulla.', 0, '2018-05-22 10:57:04', '2018-05-22 10:57:04'),
(8, 28, 'Vivian Ankunding DVM', 'Quo provident ut nemo mollitia. Eveniet sapiente voluptatibus ut suscipit et. Est quo et quia velit. Error voluptates qui iusto earum totam.', 4, '2018-05-22 10:57:05', '2018-05-22 10:57:05'),
(9, 12, 'Prof. Carmella Gislason PhD', 'Odit qui maxime quae officiis. Veritatis quia laborum corporis repudiandae. Sunt qui expedita alias magnam officiis amet. Veritatis labore et atque dolore ea porro tempora.', 1, '2018-05-22 10:57:05', '2018-05-22 10:57:05'),
(10, 19, 'Dax Thiel IV', 'Quia maiores possimus explicabo aut occaecati illum. Qui dignissimos doloremque voluptatem dolorem eveniet ea est. Harum voluptatem enim dolorem quisquam amet nobis.', 5, '2018-05-22 10:57:06', '2018-05-22 10:57:06'),
(11, 49, 'Prof. Bennett Hauck IV', 'Consequatur odio sint deleniti ex minus. Optio est sint autem omnis. Sit vitae eveniet vel quo exercitationem et. Voluptatem minima magnam mollitia dolores saepe.', 4, '2018-05-22 10:57:06', '2018-05-22 10:57:06'),
(12, 7, 'Miss Jackie Funk', 'Et quis eligendi et ut et et. Amet incidunt voluptas voluptatibus provident autem sint. Eveniet deleniti maiores quo autem neque sed magnam.', 2, '2018-05-22 10:57:06', '2018-05-22 10:57:06'),
(13, 9, 'Jacques Cassin', 'Repellendus nobis quia ullam distinctio temporibus. Deleniti sint consequatur ut molestiae. Adipisci amet commodi voluptas quidem eum.', 1, '2018-05-22 10:57:07', '2018-05-22 10:57:07'),
(14, 50, 'Dr. Graciela Jast', 'Debitis veniam enim libero. Facilis nemo velit dolore. Beatae voluptatem aspernatur porro modi vero est explicabo. Nihil consectetur aliquid autem consequatur eum dolorum et animi.', 3, '2018-05-22 10:57:07', '2018-05-22 10:57:07'),
(15, 4, 'Mr. Seth Barton', 'Quibusdam aut provident beatae consequatur error voluptatem. Laboriosam sapiente et omnis. Ut aliquam et quo distinctio perspiciatis. Accusantium ut soluta deserunt quo enim et optio in.', 0, '2018-05-22 10:57:07', '2018-05-22 10:57:07'),
(16, 49, 'Prof. Rebekah Wiegand', 'Omnis totam enim quibusdam. Optio quis velit reprehenderit minima est in. Quasi occaecati tempore voluptatem quo dignissimos. Dolorum sunt autem nobis soluta.', 1, '2018-05-22 10:57:07', '2018-05-22 10:57:07'),
(17, 24, 'Mr. Ladarius O\'Connell', 'Non et natus voluptatum et. Nihil tenetur est laboriosam quibusdam quasi.', 4, '2018-05-22 10:57:08', '2018-05-22 10:57:08'),
(18, 35, 'Valentina D\'Amore', 'Ea distinctio occaecati cum dolores facilis et in. Rerum sit autem quibusdam nostrum. Eius voluptas enim ipsum. Eos facilis quaerat et repudiandae odio doloribus fugit.', 5, '2018-05-22 10:57:08', '2018-05-22 10:57:08'),
(19, 38, 'Dr. Ford Hackett MD', 'Voluptates laboriosam voluptatem sunt. Magni necessitatibus voluptate nihil quis vel autem dicta quam. Voluptatum eum quisquam delectus eius in quas nihil qui. Tempora blanditiis eius voluptatem optio aut harum totam aperiam.', 4, '2018-05-22 10:57:08', '2018-05-22 10:57:08'),
(20, 49, 'Retha Hayes', 'Ducimus ullam eveniet sequi voluptas magni voluptatem architecto fugiat. Labore cum praesentium omnis sed assumenda dolore. Totam quis id omnis sed voluptatum. Aliquid corrupti dolores consequatur voluptatem nihil error maxime.', 0, '2018-05-22 10:57:08', '2018-05-22 10:57:08'),
(21, 12, 'Nickolas Kessler', 'Expedita delectus est laborum voluptatem similique. Et aliquam nihil ut molestiae quaerat qui maxime.', 5, '2018-05-22 10:57:08', '2018-05-22 10:57:08'),
(22, 42, 'Robin Zulauf', 'Doloremque et expedita vel. Ipsam quia ut officia libero commodi.', 2, '2018-05-22 10:57:09', '2018-05-22 10:57:09'),
(23, 20, 'Alvera Koepp', 'Saepe dicta dolorem aperiam eaque. Deserunt enim ea et accusantium ut velit. Sed nisi est in perferendis fuga.', 0, '2018-05-22 10:57:09', '2018-05-22 10:57:09'),
(24, 31, 'Sasha Volkman', 'Debitis qui non qui. Voluptatibus et alias qui fuga enim voluptas voluptas. Et impedit enim veniam repellat et. Harum nemo at facilis odio officiis.', 5, '2018-05-22 10:57:09', '2018-05-22 10:57:09'),
(25, 30, 'Charlotte Wisoky', 'Odio dolorum ut soluta et saepe qui. Qui quae praesentium numquam reprehenderit qui suscipit. Id aspernatur voluptate quibusdam quia. Optio asperiores aut eum consectetur dolore vero accusantium.', 0, '2018-05-22 10:57:10', '2018-05-22 10:57:10'),
(26, 38, 'Susana Romaguera DVM', 'Non sed sunt aut voluptate nam. Sit molestiae non hic aut earum laborum qui. Animi itaque ad in sunt est. Laboriosam quaerat porro sit possimus doloribus et.', 2, '2018-05-22 10:57:10', '2018-05-22 10:57:10'),
(27, 4, 'Magnus Christiansen', 'Illo illum optio totam optio. Dolor minus omnis aut vero voluptas et. Soluta adipisci incidunt ut ut omnis modi a repudiandae. Cupiditate magnam temporibus adipisci aut rerum a.', 0, '2018-05-22 10:57:10', '2018-05-22 10:57:10'),
(28, 21, 'Brenna Vandervort', 'Sit totam quo qui nam et nihil. Id sit commodi a mollitia ipsa. Sed dolorum ullam sed impedit fugiat quo.', 0, '2018-05-22 10:57:11', '2018-05-22 10:57:11'),
(29, 34, 'Dianna Kuhic', 'Nobis qui nam aut tempore. Sit velit ut quaerat est ducimus. Possimus nobis et sit nesciunt similique quasi quis corporis.', 0, '2018-05-22 10:57:11', '2018-05-22 10:57:11'),
(30, 40, 'Mrs. Pascale Conroy', 'Praesentium dignissimos eaque et hic aut nobis soluta. Sit non explicabo omnis qui aut. Placeat maxime autem vero et. Non tempora nobis consequatur laboriosam eum quisquam distinctio.', 0, '2018-05-22 10:57:11', '2018-05-22 10:57:11'),
(31, 45, 'Aurelia Gusikowski', 'Et repellat quia adipisci tempora eveniet officiis exercitationem. Impedit esse quo nisi rerum. Tempore laudantium debitis a omnis et repudiandae. Vitae cupiditate voluptatem quisquam nam ipsam porro fugiat.', 2, '2018-05-22 10:57:12', '2018-05-22 10:57:12'),
(32, 33, 'Cyrus O\'Keefe', 'Quae eveniet at adipisci animi. Sit ab sed consectetur iste amet voluptatem voluptas. Nihil nihil aliquid ut magni.', 0, '2018-05-22 10:57:12', '2018-05-22 10:57:12'),
(33, 10, 'Herman Russel DVM', 'Corporis rerum sed nulla est. Fuga placeat libero ut repellendus est molestiae error maxime. Quidem aut accusamus ex dignissimos ea.', 4, '2018-05-22 10:57:12', '2018-05-22 10:57:12'),
(34, 27, 'Theo Haag Sr.', 'Distinctio repudiandae sapiente sunt dolor incidunt aut. Sit officia quia voluptate id eligendi dolorem. Aliquid quam autem totam aspernatur amet.', 2, '2018-05-22 10:57:12', '2018-05-22 10:57:12'),
(35, 44, 'Lauryn Jacobi', 'Perspiciatis occaecati numquam aut sed consequatur qui a. Ab iusto est est cupiditate labore aspernatur voluptatem. Perspiciatis nemo architecto qui ducimus. Incidunt veniam non accusamus debitis rem.', 4, '2018-05-22 10:57:12', '2018-05-22 10:57:12'),
(36, 21, 'Cletus Corkery', 'Harum atque voluptatem accusantium sed et sed quo. Voluptas omnis impedit sed laborum voluptas repellat natus ullam. Ratione assumenda ea nulla eveniet. Et laudantium est deleniti cumque.', 3, '2018-05-22 10:57:15', '2018-05-22 10:57:15'),
(37, 14, 'Dr. Germaine Grady', 'Iste repellendus quia velit impedit ipsum et. Quos et iusto vero sunt eveniet alias. Voluptates et quo deleniti veniam. Voluptatem possimus dolorem aut vel eaque commodi aliquam vel.', 3, '2018-05-22 10:57:17', '2018-05-22 10:57:17'),
(38, 33, 'Michaela Hills', 'Quis sed nihil iste necessitatibus. Harum aliquam porro minima. Eum hic minus et omnis ipsum. Officiis tempore sunt delectus possimus blanditiis ducimus nihil dolorem.', 3, '2018-05-22 10:57:18', '2018-05-22 10:57:18'),
(39, 3, 'Ken Champlin', 'Atque voluptatum dolorum dolorem repellat minima alias quidem. Enim dolorem iure qui sit dolor ipsum. Ut vel aut nulla qui sed optio ex.', 0, '2018-05-22 10:57:18', '2018-05-22 10:57:18'),
(40, 16, 'Ashley Watsica', 'Id autem non nisi aut quis. Explicabo soluta quas et mollitia officia dignissimos ea sunt. Quos libero ut qui libero quia tempore. Quae quisquam est eveniet autem eligendi.', 0, '2018-05-22 10:57:18', '2018-05-22 10:57:18'),
(41, 13, 'Dr. Ines Olson', 'Dignissimos voluptatem atque eum et sint. Enim sunt commodi et. Cumque facilis sit quia in. Consequatur qui ad consequatur doloribus reprehenderit occaecati sed.', 2, '2018-05-22 10:57:19', '2018-05-22 10:57:19'),
(42, 3, 'Dr. Kavon Nolan I', 'Nostrum tempora rerum fuga voluptas cupiditate nulla. Autem explicabo dignissimos iure harum. Nobis ut et harum quibusdam optio aliquam. Quasi voluptatem autem est voluptatibus sed et vero.', 4, '2018-05-22 10:57:20', '2018-05-22 10:57:20'),
(43, 23, 'Graham Aufderhar', 'Repellendus ea in illo enim rerum. Qui occaecati et eveniet qui unde hic numquam. Beatae dolorem dolorem eum quisquam voluptatem ipsam est. Commodi velit molestiae odio occaecati accusamus.', 0, '2018-05-22 10:57:21', '2018-05-22 10:57:21'),
(44, 3, 'Quinton Lesch', 'Nisi quibusdam rem debitis nam illo enim. Sed rerum assumenda tempora itaque quia atque voluptatum cupiditate. Est sint eum assumenda. Doloribus est vel corporis odio itaque.', 2, '2018-05-22 10:57:21', '2018-05-22 10:57:21'),
(45, 23, 'Furman Hodkiewicz', 'Atque architecto voluptatem voluptas doloribus ea nostrum et soluta. Quisquam ipsum sunt pariatur libero. Et placeat vel est omnis qui.', 1, '2018-05-22 10:57:21', '2018-05-22 10:57:21'),
(46, 14, 'Gina Russel', 'Est voluptatum ipsa accusantium corrupti a exercitationem. Recusandae recusandae maiores id sed ipsa nihil. Voluptates consequatur officiis qui id pariatur ducimus eos. Voluptas expedita itaque sapiente sint eius sit vel.', 5, '2018-05-22 10:57:21', '2018-05-22 10:57:21'),
(47, 37, 'Mrs. Golda Treutel Sr.', 'Tenetur ab labore molestiae voluptatem facere et. Expedita error voluptatem sunt ab nisi fuga. Consequuntur non illum ut. Et perspiciatis aspernatur officiis voluptas tempore.', 0, '2018-05-22 10:57:21', '2018-05-22 10:57:21'),
(48, 9, 'Talia Shanahan', 'Similique voluptatum sed rem nobis quam sunt sint rerum. Aperiam sed ullam minus. Quasi nihil est qui voluptatum.', 4, '2018-05-22 10:57:22', '2018-05-22 10:57:22'),
(49, 6, 'Mr. Anderson Wisoky', 'Cum iusto officia exercitationem sed autem. Laudantium voluptates et quo ducimus quasi. Quia non voluptatibus voluptatem enim.', 1, '2018-05-22 10:57:22', '2018-05-22 10:57:22'),
(50, 36, 'Mr. Ricardo Kozey II', 'Ut ullam eveniet voluptas unde sed rerum. Quam nam ut qui magni ad eligendi impedit architecto. Molestias et minima necessitatibus est est optio sit. Enim sunt quisquam excepturi nemo exercitationem rerum sit.', 0, '2018-05-22 10:57:22', '2018-05-22 10:57:22'),
(51, 46, 'Tyra Hartmann', 'Dolore ea ab ut sint autem. Aspernatur dolor est inventore nihil illum eum sunt.', 5, '2018-05-22 10:57:22', '2018-05-22 10:57:22'),
(52, 6, 'Annie Kihn', 'Consequatur id quia occaecati consectetur. Et occaecati sapiente reiciendis nobis culpa. Velit qui quam blanditiis nulla commodi est.', 2, '2018-05-22 10:57:23', '2018-05-22 10:57:23'),
(53, 6, 'Maybelle Zboncak', 'Maxime iste assumenda quis et. Et ut iure quae nisi minima. Doloremque aut iure assumenda numquam molestiae. Dolores sit voluptatem animi.', 1, '2018-05-22 10:57:23', '2018-05-22 10:57:23'),
(54, 31, 'Josiane Feil', 'Quidem sit est eveniet corporis nesciunt dolores. Assumenda placeat maxime omnis odio minus. Necessitatibus vero ut architecto quisquam magni quae dolorem. Ab dolore suscipit nihil reiciendis laboriosam et quo.', 2, '2018-05-22 10:57:23', '2018-05-22 10:57:23'),
(55, 9, 'Dr. Cheyanne McGlynn MD', 'Itaque quibusdam corrupti laudantium laborum vel. Sed iure perferendis odio sit enim et ut. Mollitia sed voluptas repudiandae ut accusamus animi.', 0, '2018-05-22 10:57:23', '2018-05-22 10:57:23'),
(56, 29, 'Mrs. Alena Botsford Sr.', 'Non ab saepe exercitationem ut. Libero ratione nihil sapiente molestias non dolor eos perspiciatis. Blanditiis cumque veniam esse provident aut ut praesentium.', 1, '2018-05-22 10:57:24', '2018-05-22 10:57:24'),
(57, 40, 'Deangelo Purdy V', 'Dolorem nihil laudantium voluptatibus tempore dolore reiciendis adipisci. Quis et ut ex ut odio.', 2, '2018-05-22 10:57:24', '2018-05-22 10:57:24'),
(58, 4, 'Miss Michaela Walter', 'Aperiam sint dolor quo. Quidem placeat aut nulla. Voluptas quo accusantium id.', 4, '2018-05-22 10:57:24', '2018-05-22 10:57:24'),
(59, 10, 'Cedrick Kovacek', 'Deserunt id modi eum magnam. Ut et deserunt ut perspiciatis deleniti quia. Iste optio corrupti quam fugit perferendis quis quibusdam.', 4, '2018-05-22 10:57:25', '2018-05-22 10:57:25'),
(60, 32, 'Mr. Quentin Robel MD', 'Ea est quisquam doloribus itaque dolor fugiat iure. Voluptatem esse fuga quas fuga consectetur. Itaque veniam libero omnis accusantium ullam odio aut quibusdam.', 3, '2018-05-22 10:57:25', '2018-05-22 10:57:25'),
(61, 38, 'Miss Maye Ruecker DDS', 'Occaecati aut numquam sed ut corporis voluptatibus sunt. Impedit earum dolore doloremque et beatae officiis. Neque minus mollitia sed consectetur. Provident nam occaecati facilis est est.', 3, '2018-05-22 10:57:25', '2018-05-22 10:57:25'),
(62, 41, 'Mrs. Roma Lueilwitz PhD', 'Iure et ullam reiciendis in et aut voluptas. Nesciunt quam nesciunt sint molestias nostrum ipsa. Ex distinctio voluptatem maxime velit. Enim officia iusto culpa quidem saepe non eius.', 2, '2018-05-22 10:57:25', '2018-05-22 10:57:25'),
(63, 5, 'Veronica Windler', 'Et consequatur incidunt est aliquam temporibus rem. Omnis reiciendis laboriosam mollitia est. Reprehenderit est consequuntur rem doloremque. Totam molestiae omnis minus non hic est aut.', 0, '2018-05-22 10:57:26', '2018-05-22 10:57:26'),
(64, 34, 'Dylan Dickens', 'Vitae adipisci consequuntur id possimus. At est aperiam alias molestias. Id impedit nihil vel perferendis et voluptatibus.', 1, '2018-05-22 10:57:26', '2018-05-22 10:57:26'),
(65, 24, 'Leland Grant', 'Ratione voluptatum voluptate dolorum impedit autem aliquam. Aliquam est corporis eum aspernatur sed odio minus. Molestias cupiditate vitae quae sunt. At repellendus dolorum harum quisquam ducimus nobis.', 5, '2018-05-22 10:57:26', '2018-05-22 10:57:26'),
(66, 2, 'Prof. Elias Windler Jr.', 'Incidunt quod autem praesentium cum non tenetur. Cumque aut nemo et perspiciatis aut reiciendis. Perferendis ut accusamus laborum voluptatem quia et delectus.', 5, '2018-05-22 10:57:27', '2018-05-22 10:57:27'),
(67, 12, 'Prof. Wendell Krajcik', 'Sit rerum velit enim dicta. Quas rerum perferendis ipsa voluptatem nostrum dolor. Sequi consequatur aut et aliquam doloribus quos est voluptas. Quasi et ut cumque sed consequuntur.', 1, '2018-05-22 10:57:27', '2018-05-22 10:57:27'),
(68, 28, 'Leilani Ledner', 'Quia consectetur consectetur voluptatem exercitationem praesentium corrupti quaerat sed. Praesentium quia omnis ex velit ea neque cupiditate odio. Aperiam asperiores eum qui.', 5, '2018-05-22 10:57:27', '2018-05-22 10:57:27'),
(69, 30, 'Omer Brakus', 'Cumque velit quia est aliquid atque aut. Aperiam iusto mollitia nobis ratione sint. Amet facilis ut perferendis inventore commodi dolores non. Iusto magni aspernatur occaecati reiciendis. Quasi inventore ullam sunt et.', 4, '2018-05-22 10:57:27', '2018-05-22 10:57:27'),
(70, 3, 'Miss Caitlyn Willms V', 'Molestiae omnis quis quia. Sint magnam quibusdam alias nostrum iste. Et et impedit rerum. Est ut ut dolores eos quia exercitationem. Qui nemo voluptas eum enim odio.', 3, '2018-05-22 10:57:28', '2018-05-22 10:57:28'),
(71, 16, 'Matilda Ferry', 'Laborum deserunt vel possimus ipsam possimus recusandae voluptatem. Tenetur reprehenderit modi dolorum. Cumque ipsa ex id aut assumenda ea. Ipsa dolor nam asperiores quo.', 5, '2018-05-22 10:57:28', '2018-05-22 10:57:28'),
(72, 42, 'Roman Jacobi', 'At illo sit voluptas dolore. Aperiam minima sed consequatur et nam nemo. Et id voluptatem ullam et voluptas quos provident omnis. Aut sed ut modi consequuntur inventore.', 3, '2018-05-22 10:57:28', '2018-05-22 10:57:28'),
(73, 16, 'Kendra Vandervort', 'Cupiditate nihil reiciendis molestias aut id quis. Perspiciatis exercitationem odit praesentium assumenda placeat culpa voluptatibus sit. Tempore id laborum explicabo quidem.', 1, '2018-05-22 10:57:28', '2018-05-22 10:57:28'),
(74, 28, 'Sandrine Larson', 'Consequatur temporibus harum et est incidunt vitae eveniet quis. Quis at nemo eum et quod. Ipsa sit non veritatis et.', 5, '2018-05-22 10:57:28', '2018-05-22 10:57:28'),
(75, 39, 'Jevon Beier IV', 'Dolorum cumque nam adipisci omnis porro ipsam eos. Et facere quod tempore molestias distinctio facere sed. Porro dignissimos minus molestiae necessitatibus et sint voluptas. Ipsa dolores rerum facere qui sit ut.', 5, '2018-05-22 10:57:28', '2018-05-22 10:57:28'),
(76, 4, 'Dayana DuBuque', 'Quam porro voluptates dolores placeat voluptate tempore doloremque. At excepturi maxime doloremque distinctio eum. Fuga impedit reprehenderit sed facilis.', 5, '2018-05-22 10:57:29', '2018-05-22 10:57:29'),
(77, 16, 'Cynthia Durgan IV', 'Quo sed ad aut necessitatibus exercitationem debitis occaecati aut. Facere est laudantium eos excepturi. Cum officia odio itaque dolores nihil quam et labore. Corporis deserunt nostrum rerum suscipit quis illum eveniet.', 0, '2018-05-22 10:57:29', '2018-05-22 10:57:29'),
(78, 11, 'Eunice Effertz', 'Et numquam officiis voluptas totam. Consectetur quaerat quod consequatur in nam veniam. Provident neque unde natus sint incidunt ad omnis.', 2, '2018-05-22 10:57:29', '2018-05-22 10:57:29'),
(79, 8, 'Nico Gislason', 'In quam enim nemo qui et quisquam. Nostrum sed distinctio occaecati distinctio id. Rerum reprehenderit sed et unde quidem id qui ratione. Pariatur incidunt veritatis sed placeat. Natus perferendis sit est odit est quod.', 5, '2018-05-22 10:57:29', '2018-05-22 10:57:29'),
(80, 35, 'Ruthie Bahringer', 'Quibusdam velit et sit nobis. Maiores dolorum aut libero et. Quisquam aliquam quo cum officia.', 0, '2018-05-22 10:57:29', '2018-05-22 10:57:29'),
(81, 3, 'Linnie Nader', 'Deleniti commodi perspiciatis sapiente quidem. Blanditiis voluptatem mollitia molestiae voluptate. Saepe nesciunt cumque non quidem ut.', 2, '2018-05-22 10:57:29', '2018-05-22 10:57:29'),
(82, 50, 'Chyna Lynch', 'Ut qui eos dolorem suscipit. Fuga eos earum laborum sed est consequuntur. Eum amet eaque laudantium iusto corrupti commodi nesciunt nesciunt.', 3, '2018-05-22 10:57:30', '2018-05-22 10:57:30'),
(83, 18, 'Mrs. Jewel Roob', 'In hic et quis consequatur. Ea sint facilis est atque ratione ut in. Ad nostrum voluptatem explicabo cum similique dicta delectus.', 5, '2018-05-22 10:57:30', '2018-05-22 10:57:30'),
(84, 23, 'Kory Blick', 'In quaerat minima eveniet laborum dolore ut deleniti illo. Quisquam illum quis doloremque odio. Voluptatem porro totam officia nemo temporibus ipsa porro. Ex ipsum commodi assumenda dolores vel et voluptatum. Nihil voluptatem et fugit consectetur voluptas consectetur.', 0, '2018-05-22 10:57:30', '2018-05-22 10:57:30'),
(85, 37, 'Otho Brown', 'Possimus ea quia accusantium distinctio. Nulla provident et voluptatem autem asperiores blanditiis qui ab. Dolorum et quibusdam beatae in consectetur. Ipsam odit vel quidem corrupti at.', 3, '2018-05-22 10:57:30', '2018-05-22 10:57:30'),
(86, 5, 'Ted Hintz', 'Ipsum expedita adipisci assumenda omnis. Ratione nobis dolor beatae ea non. Totam debitis libero deserunt nam impedit quisquam ducimus. Atque est est suscipit ducimus.', 0, '2018-05-22 10:57:30', '2018-05-22 10:57:30'),
(87, 11, 'Amya Dach', 'In vel tenetur accusamus optio. Dignissimos esse occaecati minus aut. Maxime veniam dolores magni qui doloremque laborum neque. Delectus ipsa et vero ea vero incidunt velit.', 0, '2018-05-22 10:57:30', '2018-05-22 10:57:30'),
(88, 8, 'Mr. Henri Kshlerin', 'Magnam vel et minus nesciunt. Iusto dolor vel itaque et accusantium. Et qui nisi saepe provident mollitia.', 5, '2018-05-22 10:57:30', '2018-05-22 10:57:30'),
(89, 7, 'Rebeca Breitenberg', 'Saepe eius optio necessitatibus consequuntur officiis tempore ullam. Nisi culpa cupiditate dolor cum. Unde iste eligendi ea et. Iste atque nihil et placeat. Architecto tenetur repellat saepe qui impedit et ut.', 0, '2018-05-22 10:57:30', '2018-05-22 10:57:30'),
(90, 7, 'Elyse Gorczany', 'Magni eum et et deleniti sed tenetur possimus. Tempora quo fugiat architecto maxime. Totam consequatur asperiores impedit similique commodi. Harum aut et qui maiores sint sunt qui ut.', 0, '2018-05-22 10:57:30', '2018-05-22 10:57:30'),
(91, 30, 'Prof. Joe Windler Sr.', 'Consectetur qui vel sed. Rerum ex velit aut ipsa. Est dolorem et et et est. Incidunt placeat sunt sed qui. Omnis autem quae dolorem aperiam tempora autem nihil.', 1, '2018-05-22 10:57:30', '2018-05-22 10:57:30'),
(92, 5, 'Tad Graham', 'Molestiae laudantium beatae cupiditate natus quia qui. Enim eos nulla ipsum nemo maiores.', 3, '2018-05-22 10:57:31', '2018-05-22 10:57:31'),
(93, 9, 'Irwin Dickens II', 'Culpa voluptatem exercitationem illo rerum. Ut minima reiciendis vitae omnis et. Iste minima tenetur et ut non veniam ut.', 1, '2018-05-22 10:57:31', '2018-05-22 10:57:31'),
(94, 16, 'Elijah Dickens', 'Praesentium praesentium tempore et ipsam. Quo et ad ea similique officia. Est sed doloribus maxime tenetur optio sint harum enim.', 4, '2018-05-22 10:57:31', '2018-05-22 10:57:31'),
(95, 11, 'Martin Lueilwitz PhD', 'Reprehenderit sunt quia dignissimos sint impedit recusandae voluptate. Et aut distinctio quia. Ut omnis est odit asperiores error placeat. Cum beatae minima magni aliquid magnam voluptatem.', 0, '2018-05-22 10:57:31', '2018-05-22 10:57:31'),
(96, 12, 'Mr. Jefferey Kirlin DDS', 'Voluptatem perspiciatis nam fugit itaque rerum. Iste eos commodi accusamus aut ut doloribus. Est numquam cupiditate aut aut qui.', 3, '2018-05-22 10:57:31', '2018-05-22 10:57:31'),
(97, 46, 'Dr. Delbert Hermann DVM', 'Quia fugit incidunt qui autem. Rerum adipisci soluta iusto hic nihil natus quo ut. Odit aut sunt maxime occaecati ut excepturi repellat dolores. Quia aut praesentium ut sapiente sed. Voluptas quia exercitationem sed nobis.', 4, '2018-05-22 10:57:31', '2018-05-22 10:57:31'),
(98, 13, 'Fanny Kemmer', 'Rerum accusamus porro vel impedit et blanditiis aut. Ducimus tempora quia aperiam et quia. Praesentium nemo reprehenderit dicta sed sit ipsa. Quisquam veritatis sint quasi consequatur adipisci aut.', 0, '2018-05-22 10:57:31', '2018-05-22 10:57:31'),
(99, 43, 'Margot Conn DVM', 'Est tenetur ipsam porro sequi provident quam. Voluptas ipsam quos incidunt facere incidunt possimus.', 4, '2018-05-22 10:57:32', '2018-05-22 10:57:32'),
(100, 34, 'Blaze Bradtke', 'Laborum aspernatur tempora saepe minima. Voluptatibus saepe ducimus totam nostrum.', 1, '2018-05-22 10:57:32', '2018-05-22 10:57:32'),
(101, 24, 'Emil Powlowski', 'Dolorum maxime distinctio esse. Pariatur voluptas nulla occaecati. Vel hic eos asperiores et dolores ea. Et est eos delectus illo odio velit commodi vel.', 2, '2018-05-22 10:57:32', '2018-05-22 10:57:32'),
(102, 31, 'Elmira Kuhic', 'Non explicabo sint eaque ut tenetur. Sunt id natus quia a qui harum velit. Molestiae at minima et totam sit doloribus nemo sed. Qui ut eos et unde porro magnam voluptate.', 0, '2018-05-22 10:57:32', '2018-05-22 10:57:32'),
(103, 37, 'Kellie Lowe', 'Numquam quia vel nemo explicabo error pariatur autem tempore. Soluta dolorem a et voluptas praesentium blanditiis. Porro consequatur odio in est vel voluptatem ipsa. Molestiae sed perferendis labore.', 4, '2018-05-22 10:57:32', '2018-05-22 10:57:32'),
(104, 28, 'Dereck Kilback', 'Natus voluptatibus autem fugit eaque ut. Aut ad magni quis accusamus quasi accusantium accusantium.', 2, '2018-05-22 10:57:33', '2018-05-22 10:57:33'),
(105, 38, 'Duncan Collier', 'Facere dolor quis numquam adipisci laudantium inventore ea. Nihil sint provident iste cupiditate reiciendis similique. Odio corporis rerum inventore tenetur velit mollitia. Odio ab nam esse voluptas.', 3, '2018-05-22 10:57:33', '2018-05-22 10:57:33'),
(106, 47, 'Dr. Noemi Wuckert IV', 'Est enim vel voluptate rem quod id unde. Sint nobis velit non fugiat perspiciatis non et. Qui aut esse ducimus. Animi sunt aut quaerat dolorem.', 0, '2018-05-22 10:57:33', '2018-05-22 10:57:33'),
(107, 19, 'Ernestine Glover', 'Sit placeat perspiciatis a tenetur aut nesciunt sunt. Enim sed dolor nemo. Aliquid minima enim molestias ut fuga rem facilis.', 2, '2018-05-22 10:57:33', '2018-05-22 10:57:33'),
(108, 24, 'Kara Smitham', 'Illum id et reiciendis repellendus esse aperiam. Quam aspernatur rerum dolor mollitia iste praesentium sint rerum. Id tenetur ea nihil ratione fugit. Enim vitae nihil explicabo id.', 0, '2018-05-22 10:57:34', '2018-05-22 10:57:34'),
(109, 14, 'Wellington Little', 'Maxime id nesciunt vero est. Tempore aliquid quo et illum. Magnam dolor nihil non. Unde quidem architecto dolorum tempore possimus.', 1, '2018-05-22 10:57:34', '2018-05-22 10:57:34'),
(110, 35, 'Dr. Solon Robel I', 'Recusandae nesciunt eligendi omnis labore minus. Itaque ipsam et assumenda at rerum. Est commodi occaecati cupiditate est dolorem.', 3, '2018-05-22 10:57:34', '2018-05-22 10:57:34'),
(111, 8, 'Vickie Legros', 'Placeat rem unde aut reiciendis asperiores qui sunt. Explicabo voluptatum dolores nemo inventore. Ab voluptatem omnis qui odio accusantium. Consequatur aut dolorem ad est necessitatibus.', 4, '2018-05-22 10:57:35', '2018-05-22 10:57:35'),
(112, 50, 'Justen Kshlerin', 'Aut sit rerum ducimus possimus nemo et sit vel. Quia tempore doloremque libero non cumque quisquam iure. Molestiae totam odio voluptates maxime a. Quod quia doloremque dolorum expedita suscipit commodi expedita. Aperiam corporis facere perspiciatis voluptatem.', 1, '2018-05-22 10:57:35', '2018-05-22 10:57:35'),
(113, 21, 'Adolph Reynolds', 'Beatae unde ipsa earum adipisci. Expedita qui veniam voluptatem iusto consequatur eligendi sint eos. Officia voluptatum quae nulla impedit possimus.', 4, '2018-05-22 10:57:35', '2018-05-22 10:57:35'),
(114, 35, 'Woodrow Brekke', 'Aut atque qui voluptas voluptatem voluptatum dolores. Ut culpa amet voluptatem. Maiores unde officia inventore voluptatum. Velit pariatur labore illo voluptas recusandae blanditiis.', 5, '2018-05-22 10:57:36', '2018-05-22 10:57:36'),
(115, 29, 'Mrs. Kyra Marvin V', 'Eos occaecati beatae dolore dolorem voluptatem. Dolores dolor optio totam ut aliquam. Quod qui rerum quia quis et.', 3, '2018-05-22 10:57:36', '2018-05-22 10:57:36'),
(116, 5, 'Ora Veum', 'Necessitatibus voluptate sit ut et. Nisi quo ab est dignissimos assumenda consectetur voluptatum. Alias eligendi atque quia officia.', 5, '2018-05-22 10:57:36', '2018-05-22 10:57:36'),
(117, 14, 'Lola Ondricka', 'Dolorem perferendis odit animi nemo delectus. Minus at adipisci sit accusantium consequatur magni in. Quisquam ab ipsum iure minus saepe quae.', 4, '2018-05-22 10:57:36', '2018-05-22 10:57:36'),
(118, 28, 'Baylee Dach', 'Et recusandae voluptatem maxime libero perspiciatis dolor nesciunt qui. Provident eum id neque et quas aliquam fuga. Sunt nostrum nemo expedita tempore veniam qui. Molestias dolores dolorum voluptas autem esse.', 1, '2018-05-22 10:57:36', '2018-05-22 10:57:36'),
(119, 28, 'Davin Eichmann', 'Quis sint in quod non quo quaerat repellendus. Tenetur labore sit ut repellat esse voluptas. Sapiente provident hic hic iusto nihil dolorem.', 3, '2018-05-22 10:57:36', '2018-05-22 10:57:36'),
(120, 38, 'Mr. Kraig Schneider Jr.', 'Voluptatibus ut aliquid quia dolor. Laborum eligendi expedita consequatur voluptas. Aut at ipsum voluptatem ex. Tenetur sapiente qui omnis molestiae.', 2, '2018-05-22 10:57:37', '2018-05-22 10:57:37'),
(121, 33, 'Ezra Durgan', 'Aut et cumque eum optio voluptas. Ea omnis quas odio doloribus illo inventore totam aut. Sit quod non voluptatem facere. Nihil veniam temporibus maiores tenetur vero corrupti.', 1, '2018-05-22 10:57:37', '2018-05-22 10:57:37'),
(122, 36, 'Ryann Rempel', 'Similique est voluptate et. Velit quia dolores et quod ut autem. Non non et quia ex. Aliquid temporibus voluptatum veniam blanditiis.', 2, '2018-05-22 10:57:37', '2018-05-22 10:57:37'),
(123, 25, 'Dan Durgan', 'Voluptatem deleniti tempora tempora officiis corrupti reiciendis voluptatibus molestiae. Impedit libero nisi iusto est omnis. Veniam doloremque tenetur accusamus iste enim accusamus vitae. Est quos quis quaerat aut suscipit non voluptatem non.', 3, '2018-05-22 10:57:37', '2018-05-22 10:57:37'),
(124, 4, 'Mrs. Viviane Jones MD', 'Et repellat consequatur voluptates iure velit dolores. Omnis facere illum assumenda aliquid omnis nostrum ea. Natus sed qui deserunt repellendus sint sint.', 0, '2018-05-22 10:57:37', '2018-05-22 10:57:37'),
(125, 21, 'Prof. Sherman Beatty', 'Quia corporis itaque mollitia quidem maiores. Et cum consequatur ea ut eaque. Modi molestias magni aut et ut cumque. Quidem adipisci est occaecati consequatur asperiores ex sequi dolor.', 5, '2018-05-22 10:57:38', '2018-05-22 10:57:38'),
(126, 18, 'Jairo Stokes DDS', 'Quaerat corrupti sed autem recusandae eos et. Ab fuga officiis omnis repellendus. Dolores sunt ad velit id impedit aut ratione nihil. Quidem natus culpa deleniti labore.', 4, '2018-05-22 10:57:38', '2018-05-22 10:57:38'),
(127, 44, 'Crystal Leuschke', 'Libero in repudiandae explicabo et et. Explicabo facere rerum voluptas architecto consequuntur ducimus esse.', 5, '2018-05-22 10:57:38', '2018-05-22 10:57:38'),
(128, 24, 'Demond Homenick', 'Recusandae dolorum nobis nihil rerum est. Nihil officia aut dolorem molestias odio architecto. Culpa quidem dolorem labore nisi repellendus.', 2, '2018-05-22 10:57:38', '2018-05-22 10:57:38'),
(129, 16, 'Miss Rebeka Nader', 'Molestiae ut assumenda at incidunt quam porro corrupti velit. Molestiae velit et quasi omnis aut. Repellendus fuga voluptates et atque sunt voluptatem eaque.', 0, '2018-05-22 10:57:38', '2018-05-22 10:57:38'),
(130, 2, 'Mr. Jevon Hoeger', 'Mollitia dolorum aut sunt et. Sapiente a debitis perspiciatis ad. Animi maxime iusto corrupti quo voluptas. Repudiandae magnam aperiam quae possimus.', 0, '2018-05-22 10:57:38', '2018-05-22 10:57:38'),
(131, 47, 'Mr. Walter Hills', 'Ab vero aperiam vitae odio et quos omnis. Qui dolor sint cupiditate laborum eius odio excepturi aliquam. Voluptas mollitia ea eos dolores consequuntur cupiditate.', 4, '2018-05-22 10:57:39', '2018-05-22 10:57:39'),
(132, 2, 'Dr. Kathlyn Considine', 'Vel quam mollitia at reiciendis. Quaerat eveniet quis voluptas. Nemo ullam autem officia voluptas. Dolore ducimus quidem aut in.', 5, '2018-05-22 10:57:39', '2018-05-22 10:57:39'),
(133, 48, 'Annabell Johnson', 'Rerum voluptatem quia ut odit id ut eius. Delectus et tenetur esse quia cum. Consequuntur perferendis beatae repudiandae animi repellendus exercitationem quibusdam.', 1, '2018-05-22 10:57:39', '2018-05-22 10:57:39'),
(134, 19, 'Cydney Ratke', 'Nobis qui architecto ducimus perferendis. Quis ipsum omnis est est soluta corporis optio. Explicabo aut est perferendis molestias vel aliquid aut. Mollitia libero ut voluptatem consequatur.', 1, '2018-05-22 10:57:39', '2018-05-22 10:57:39'),
(135, 20, 'Troy Bruen', 'Quia alias laboriosam voluptatibus repellendus. Aperiam dolor tempore exercitationem laudantium suscipit architecto. Ut qui vero omnis quo rerum blanditiis laboriosam. Aliquam aliquid soluta qui commodi error sapiente.', 4, '2018-05-22 10:57:39', '2018-05-22 10:57:39'),
(136, 32, 'Salvatore Sanford', 'Alias enim harum eaque doloribus provident ratione omnis. Ex voluptas autem veritatis est sit qui. Vel quis et enim totam architecto.', 5, '2018-05-22 10:57:39', '2018-05-22 10:57:39'),
(137, 48, 'Mr. Dashawn Schmitt', 'Consequatur libero et aut. Non doloremque quod magnam quae occaecati. Laudantium at officiis dicta sequi distinctio. Quibusdam delectus rerum ipsum cupiditate.', 1, '2018-05-22 10:57:40', '2018-05-22 10:57:40'),
(138, 47, 'Jesus Terry', 'Perspiciatis nihil praesentium rerum omnis facere aut facere molestias. Sed inventore hic perferendis magni et quo. Consectetur illum consectetur ratione ad temporibus esse.', 0, '2018-05-22 10:57:40', '2018-05-22 10:57:40'),
(139, 11, 'Melyssa Turner', 'Ratione molestiae qui dolor molestias et consequatur. Id sint nobis tenetur nihil enim architecto voluptatem. Ab ullam magnam iste exercitationem incidunt in.', 4, '2018-05-22 10:57:40', '2018-05-22 10:57:40'),
(140, 5, 'Prof. Ena Hintz', 'Vero voluptas ut et nihil. Explicabo sunt recusandae qui eos labore. Et velit eaque ad officiis. Dolor vero omnis sit odit distinctio molestias nisi.', 3, '2018-05-22 10:57:41', '2018-05-22 10:57:41'),
(141, 50, 'Avis Jast', 'Omnis earum laudantium in aliquid molestias commodi nihil. Omnis sed explicabo ex dolorum quis.', 2, '2018-05-22 10:57:41', '2018-05-22 10:57:41'),
(142, 46, 'Ms. Fanny Schamberger', 'Quibusdam corrupti eveniet eum facere rem aut. Molestias non natus impedit est porro. Ex blanditiis distinctio accusantium maxime fuga necessitatibus sint.', 3, '2018-05-22 10:57:41', '2018-05-22 10:57:41'),
(143, 15, 'Anna Bins', 'Porro possimus delectus quam. Natus facere qui sapiente ut et similique tenetur. Quam blanditiis ex debitis non quo. Temporibus mollitia dolorem rerum temporibus est porro architecto possimus.', 0, '2018-05-22 10:57:42', '2018-05-22 10:57:42'),
(144, 31, 'Gabrielle Goyette', 'Et doloribus quaerat commodi sequi facilis vel cum. Et modi exercitationem nulla consequatur maiores at atque. Dolore tempore doloremque facilis sint sit. Dolor accusamus libero eum accusamus et.', 3, '2018-05-22 10:57:42', '2018-05-22 10:57:42'),
(145, 43, 'Miss Neoma Block', 'Adipisci libero consequatur nostrum explicabo quasi laudantium. Est consequatur consectetur voluptas eos adipisci eos est.', 5, '2018-05-22 10:57:42', '2018-05-22 10:57:42'),
(146, 1, 'Mrs. Kaylie Spencer III', 'Recusandae veritatis ratione aut aut. Vero et nulla sed aut aut nostrum quidem dolorem. Velit quia distinctio eum est voluptatem.', 4, '2018-05-22 10:57:42', '2018-05-22 10:57:42'),
(147, 29, 'Nola Nicolas', 'Quo qui voluptatibus dolorem corrupti harum iusto. Pariatur aut modi atque a ut. Harum temporibus placeat natus atque assumenda qui.', 0, '2018-05-22 10:57:42', '2018-05-22 10:57:42'),
(148, 30, 'Adela Schuster', 'Similique iure eum autem deleniti officia. Rem labore consectetur qui laudantium adipisci sed rerum. Accusamus non corrupti error ad rerum quis.', 1, '2018-05-22 10:57:43', '2018-05-22 10:57:43'),
(149, 13, 'Penelope Wyman', 'Culpa minus eaque numquam dolores. Sit molestiae neque earum ipsam ut qui eveniet. Corrupti iusto omnis vitae ab minus non explicabo.', 1, '2018-05-22 10:57:43', '2018-05-22 10:57:43'),
(150, 26, 'Mr. Jayden Graham Jr.', 'Vel deserunt voluptatem non adipisci non magni. Quidem quibusdam inventore est aliquid nulla occaecati totam. Vitae et omnis voluptas sequi et. Repellat sint vero minus harum est neque et.', 0, '2018-05-22 10:57:43', '2018-05-22 10:57:43'),
(151, 4, 'Felton Wolff', 'Repellendus quo quibusdam aut amet corrupti et ullam perferendis. Quo veritatis dolorem rem incidunt quibusdam et ut.', 4, '2018-05-22 10:57:43', '2018-05-22 10:57:43'),
(152, 7, 'Bertrand Bergnaum II', 'Temporibus sint aut reiciendis ad perspiciatis adipisci. In in ipsa a sed eius accusantium necessitatibus. Sed totam illum explicabo consequatur quis dolore et. Illum corrupti magni velit dicta maxime.', 2, '2018-05-22 10:57:43', '2018-05-22 10:57:43'),
(153, 19, 'Bethany Hills', 'Quam molestiae sunt rem molestiae. Tempora cumque quis nihil aut quod.', 3, '2018-05-22 10:57:43', '2018-05-22 10:57:43'),
(154, 49, 'Lester Kertzmann', 'Repellendus ratione velit similique illo non. Suscipit temporibus eum sequi consequatur facere. Necessitatibus qui reprehenderit deserunt et illo.', 5, '2018-05-22 10:57:44', '2018-05-22 10:57:44'),
(155, 4, 'Mr. Davin Dietrich MD', 'Similique molestiae iure qui laudantium aut et assumenda. Placeat nulla quas ipsam veritatis non nulla sunt. Ipsam dolores aut assumenda doloremque et rem mollitia. Enim voluptatem est nisi doloremque alias corporis.', 4, '2018-05-22 10:57:44', '2018-05-22 10:57:44'),
(156, 30, 'Aiden Kemmer', 'Reprehenderit dolorum quam quia eum. Cumque consequatur veniam eum incidunt eligendi architecto. Possimus accusamus odio est ut dolorem. Excepturi omnis provident vel et asperiores consectetur. Vel dolorem labore quo omnis.', 3, '2018-05-22 10:57:44', '2018-05-22 10:57:44'),
(157, 31, 'Alyce Baumbach', 'Dolorem aut error quos ab et. Voluptatem cumque iure dolor.', 4, '2018-05-22 10:57:44', '2018-05-22 10:57:44'),
(158, 36, 'Prof. Vicente Morissette', 'Suscipit ut debitis veritatis rerum aliquam accusamus aut voluptatem. Quos porro consequatur facere repellendus itaque harum sunt. Delectus aperiam consequatur accusantium. Hic animi et vel sint ipsum id. Magni at repellendus distinctio omnis voluptatem minima asperiores.', 3, '2018-05-22 10:57:44', '2018-05-22 10:57:44'),
(159, 9, 'Tyrel Bergnaum', 'Magnam rem maiores aut incidunt cumque. Delectus aut et iusto assumenda nihil nisi eaque quia. Qui quaerat recusandae harum ut. Ut possimus sunt qui a hic autem.', 1, '2018-05-22 10:57:45', '2018-05-22 10:57:45'),
(160, 48, 'Raymundo Smitham', 'Qui aut voluptas officiis earum est voluptas magni. Cumque id maxime magnam adipisci ut cumque. Iure exercitationem voluptates id nobis ab quam itaque cum. Ex iste dicta suscipit velit. Dicta itaque aut dolor illum unde.', 0, '2018-05-22 10:57:45', '2018-05-22 10:57:45'),
(161, 38, 'Prof. Aliza Boyer', 'Dolorem natus ducimus qui laborum non. Maxime sed sit magnam harum et. Exercitationem quia corrupti illo quos officia non temporibus. Distinctio nobis ut non culpa itaque veniam.', 3, '2018-05-22 10:57:45', '2018-05-22 10:57:45'),
(162, 27, 'Mona Weissnat V', 'Numquam quidem laborum assumenda sequi omnis quos quo. Itaque aut rerum consequatur. Reiciendis ea tempora aliquam laboriosam quod doloribus sit dignissimos.', 0, '2018-05-22 10:57:45', '2018-05-22 10:57:45'),
(163, 12, 'Miss Chaya Gorczany DVM', 'Et et et aut dignissimos et quam eveniet. Odio aspernatur voluptatem quae vel voluptatem. Nihil expedita aliquam aut beatae debitis maiores.', 5, '2018-05-22 10:57:45', '2018-05-22 10:57:45'),
(164, 12, 'Emanuel Wintheiser', 'Distinctio et ducimus reiciendis autem assumenda et. Culpa saepe quas impedit aut. Maxime deserunt sit consequatur adipisci deserunt molestiae. Perferendis ut ad dolorem unde non vero.', 4, '2018-05-22 10:57:45', '2018-05-22 10:57:45'),
(165, 28, 'Salvatore Hamill IV', 'Occaecati amet quidem asperiores similique soluta. Enim excepturi ipsam sequi ut iusto. Sit aliquid et dolores.', 2, '2018-05-22 10:57:46', '2018-05-22 10:57:46'),
(166, 41, 'Scarlett Bashirian V', 'Ut fugit enim non eveniet. Provident eum dolores impedit quos ipsam. Dolorem repellat veniam consequuntur numquam occaecati. Officiis eveniet nulla error voluptas sed quae aut. Velit officia voluptas itaque velit ipsa qui.', 0, '2018-05-22 10:57:46', '2018-05-22 10:57:46'),
(167, 41, 'Susie Kohler', 'Doloremque eius aliquid fugit at. Quis harum voluptatibus unde et consequatur quia. Mollitia fugiat fugiat illo distinctio impedit rem. Molestiae accusantium exercitationem aliquam et dicta aut laborum. Exercitationem ut dolor in consequatur laborum officiis architecto.', 3, '2018-05-22 10:57:46', '2018-05-22 10:57:46'),
(168, 43, 'Miss Eulalia Legros DVM', 'Ut ad sit eos. Nesciunt eos tempora omnis a sunt. In mollitia molestias debitis eum dolores. Et rerum aliquid molestiae sint aut libero exercitationem.', 4, '2018-05-22 10:57:46', '2018-05-22 10:57:46'),
(169, 50, 'Aaron Roberts', 'Deserunt sequi eos minus eaque rerum. Vel natus aut quis accusantium omnis beatae inventore. Quis autem delectus quia voluptatem voluptatem laudantium in.', 2, '2018-05-22 10:57:46', '2018-05-22 10:57:46'),
(170, 49, 'Prof. Montana Considine', 'Quisquam nostrum aut cupiditate inventore eos. Aliquid qui magnam vitae aut. Nostrum culpa unde velit repellat voluptates.', 4, '2018-05-22 10:57:46', '2018-05-22 10:57:46'),
(171, 47, 'Talia Abbott', 'Blanditiis quaerat aperiam nesciunt odit similique velit. Quos ipsam corporis sit non. Recusandae aliquid magni aut sunt nulla voluptatum harum molestiae. Molestiae autem nihil quas illum. Autem ullam dolorem tenetur eius vitae qui nesciunt.', 4, '2018-05-22 10:57:47', '2018-05-22 10:57:47'),
(172, 10, 'Prof. Gillian Gleichner DVM', 'Quam facilis nihil et quisquam. Molestiae recusandae eos amet eos quia fugit. Nihil rem dolorem quis at esse consequatur.', 0, '2018-05-22 10:57:47', '2018-05-22 10:57:47'),
(173, 23, 'Mrs. Melisa Schuster Sr.', 'Necessitatibus ullam iure sint dolor in delectus. Temporibus molestiae veritatis et nobis fugiat iste.', 1, '2018-05-22 10:57:47', '2018-05-22 10:57:47'),
(174, 28, 'Jedidiah Considine', 'Sed sit deleniti qui pariatur beatae. Dicta explicabo porro omnis fuga qui explicabo. Autem et sed officiis laudantium asperiores nostrum. Est qui ullam exercitationem rerum voluptatem minus.', 1, '2018-05-22 10:57:48', '2018-05-22 10:57:48'),
(175, 19, 'Ms. Tanya Hansen', 'Aut placeat dolores omnis doloribus dolore temporibus. Porro inventore ipsum deserunt ut officia qui minima. Enim adipisci voluptatem cumque vitae quis nam.', 5, '2018-05-22 10:57:48', '2018-05-22 10:57:48'),
(176, 21, 'Mrs. Guadalupe Walter', 'Eaque dolor et autem aut aut est et. Ad rerum est in quo saepe. Voluptatem aspernatur eum sunt voluptate.', 0, '2018-05-22 10:57:48', '2018-05-22 10:57:48'),
(177, 47, 'Sophia Morissette', 'Fuga odio reprehenderit repellendus est maiores ut autem distinctio. Ab cupiditate voluptatem dicta cupiditate. Culpa dolor tempora iusto nulla blanditiis veniam. Quo aut in inventore id blanditiis ut adipisci.', 1, '2018-05-22 10:57:48', '2018-05-22 10:57:48'),
(178, 33, 'Prof. Lester Morar', 'Laboriosam facere ea quas magnam placeat dolorem. Et omnis fuga ducimus quia aut libero. Labore tenetur est quia repellendus necessitatibus in. Est id harum qui vel est sed facilis.', 1, '2018-05-22 10:57:49', '2018-05-22 10:57:49'),
(179, 13, 'Dr. Skyla Schmeler Sr.', 'Voluptatibus qui sunt tempora. Et minus unde iste. Iure occaecati sit delectus voluptatem. Veniam id fugit laborum dolor adipisci. Ab fugiat voluptatem est accusantium velit quia.', 1, '2018-05-22 10:57:49', '2018-05-22 10:57:49'),
(180, 47, 'Mrs. Alanna Fadel IV', 'Non dolorum ut a ipsa et aliquid cupiditate quia. Voluptas accusantium accusantium autem unde illo aspernatur. Quis quia tenetur voluptatem similique accusamus ipsam. Sunt ipsa sapiente quis quas provident natus neque.', 2, '2018-05-22 10:57:49', '2018-05-22 10:57:49'),
(181, 6, 'Dr. Rashawn Ritchie Jr.', 'Tempora beatae voluptatem odit magni possimus ut. Expedita consequuntur dolorem molestiae delectus. Atque voluptatem nulla voluptates molestias.', 5, '2018-05-22 10:57:49', '2018-05-22 10:57:49'),
(182, 50, 'Dr. Jeffry Hodkiewicz DDS', 'Quis quasi ratione sit provident dolorem non. Sit id et sed amet consequatur vel beatae. Temporibus dolorem explicabo quam doloremque et. Quos ea quasi quis aut enim officia officiis. Illum qui et consequuntur iusto.', 4, '2018-05-22 10:57:49', '2018-05-22 10:57:49'),
(183, 6, 'Wilhelmine Stracke MD', 'Nam maiores numquam perspiciatis ut. Aut aliquid architecto commodi. In explicabo illo et nihil.', 4, '2018-05-22 10:57:50', '2018-05-22 10:57:50'),
(184, 14, 'Noemy Oberbrunner II', 'Quos tenetur in voluptates delectus ipsa non. Ut repellat est atque veritatis consectetur et omnis. Vel et quia voluptate sed repellendus est. Quo earum ad omnis quae.', 2, '2018-05-22 10:57:50', '2018-05-22 10:57:50'),
(185, 12, 'Mr. Monserrate Conn', 'Numquam ut laborum dolor ullam reprehenderit quod fugiat. Dolore et beatae est omnis. Corporis et quae accusamus commodi eligendi.', 4, '2018-05-22 10:57:50', '2018-05-22 10:57:50'),
(186, 3, 'Ansley Wilderman IV', 'Cupiditate ab ipsam voluptatibus officia consequuntur repudiandae aperiam. Magnam eos sed quis voluptatem. Dolorem itaque est hic in dolores. Commodi vitae fugiat error ipsam cupiditate est incidunt at.', 2, '2018-05-22 10:57:50', '2018-05-22 10:57:50'),
(187, 5, 'Antonietta Funk', 'Tempore id excepturi omnis cum aut. Quis in excepturi voluptatem eum. Et laudantium quos in. Qui quisquam eum reprehenderit non.', 5, '2018-05-22 10:57:50', '2018-05-22 10:57:50'),
(188, 48, 'Mrs. Amy Weber', 'Assumenda voluptatem impedit necessitatibus ipsam esse. Quia ut repudiandae omnis quia. Accusantium nesciunt nesciunt aut deserunt delectus explicabo quae. Animi laborum dolorum voluptatem quasi in iure officia odit.', 2, '2018-05-22 10:57:51', '2018-05-22 10:57:51'),
(189, 45, 'Clarissa Mills', 'Possimus libero corporis ab quo. Molestiae et voluptatem rerum tempore.', 0, '2018-05-22 10:57:51', '2018-05-22 10:57:51'),
(190, 30, 'Zetta Wolff', 'Pariatur magnam voluptatem quisquam id eum aliquam velit. Nihil ab tenetur magni omnis rerum autem omnis. Ut odit molestiae nostrum illo sapiente itaque asperiores. Et fugit quo dolores veniam et.', 4, '2018-05-22 10:57:51', '2018-05-22 10:57:51'),
(191, 13, 'Keeley White', 'Beatae ea et quis qui quis ut. Dolorem consequatur dolorum rerum aperiam animi aut. Nam enim dignissimos alias voluptatem.', 2, '2018-05-22 10:57:51', '2018-05-22 10:57:51'),
(192, 17, 'Kory Carroll', 'Sint aut voluptatibus iure voluptate amet dolores ratione. Laudantium at dolores neque suscipit corrupti dolorum molestiae. Autem distinctio recusandae eum nemo quae velit est. Recusandae aperiam sit illo laboriosam.', 2, '2018-05-22 10:57:51', '2018-05-22 10:57:51'),
(193, 12, 'Prof. Dora Jaskolski III', 'Pariatur fugiat voluptatem quas omnis. Nesciunt mollitia consequatur rem suscipit asperiores perferendis. Molestias tenetur tenetur ea labore.', 4, '2018-05-22 10:57:51', '2018-05-22 10:57:51'),
(194, 11, 'Clarissa Cormier IV', 'Consectetur veniam minima reprehenderit architecto voluptatum. Ut quae reiciendis velit rerum. Voluptas quos placeat ut beatae nihil. Ipsa et eveniet reiciendis voluptatem et velit placeat.', 0, '2018-05-22 10:57:51', '2018-05-22 10:57:51'),
(195, 26, 'Hershel Durgan', 'Ex et corporis facere pariatur officia error ut. Laboriosam soluta dicta provident itaque deserunt fuga voluptas. Nostrum libero ut aspernatur illum tempore blanditiis vero.', 4, '2018-05-22 10:57:52', '2018-05-22 10:57:52'),
(196, 14, 'Ms. Cora Bode', 'Beatae dolorem consectetur natus qui recusandae voluptas animi. Quas nihil quos explicabo praesentium qui. Deleniti occaecati ipsa ea. Unde dolores et mollitia vero quos autem aliquam.', 0, '2018-05-22 10:57:52', '2018-05-22 10:57:52'),
(197, 23, 'Hadley Bechtelar', 'Id est et delectus. Rerum cupiditate labore voluptates quis. Vitae dolore quisquam nesciunt quae at. Qui omnis amet saepe saepe aliquid autem ab.', 2, '2018-05-22 10:57:52', '2018-05-22 10:57:52'),
(198, 11, 'Ms. Loraine Lehner MD', 'Magni cum aliquam ratione. Quia quia laborum non sapiente qui. Sint rerum voluptatum incidunt incidunt.', 0, '2018-05-22 10:57:52', '2018-05-22 10:57:52'),
(199, 36, 'Carmel Reynolds', 'Amet odio laborum voluptas necessitatibus. Excepturi quod omnis quidem accusantium. Et maxime quis repellendus. Praesentium molestiae et nulla sit totam. Repellat et vero voluptates beatae dolorem eum quae.', 5, '2018-05-22 10:57:52', '2018-05-22 10:57:52'),
(200, 10, 'Webster Weissnat MD', 'Ut ut earum similique enim vel inventore enim doloribus. Non aperiam quasi dolorem perferendis enim consectetur aliquam. Quidem et accusantium voluptatem debitis. Numquam occaecati earum eum est sunt aut totam ut.', 0, '2018-05-22 10:57:53', '2018-05-22 10:57:53'),
(201, 38, 'Dameon McCullough', 'Eveniet incidunt ea ut sint. Eos quasi ipsum ut iste maiores. Dolorum eum ut eum aut quo natus.', 3, '2018-05-22 10:57:53', '2018-05-22 10:57:53'),
(202, 32, 'Dr. Cleora Hegmann Sr.', 'Et possimus laboriosam sapiente delectus. Earum optio ullam soluta rem dolor modi repellat. Animi consectetur sit illo consequatur.', 1, '2018-05-22 10:57:53', '2018-05-22 10:57:53'),
(203, 5, 'Nicolette Barrows', 'Dolores tempora itaque sequi dolor. Exercitationem repudiandae magnam libero dolor quia. Omnis laborum ex sint nobis. Tempore blanditiis enim quibusdam accusantium fugit.', 3, '2018-05-22 10:57:53', '2018-05-22 10:57:53'),
(204, 5, 'Darian Frami', 'Hic consectetur animi commodi voluptatem. Nemo velit voluptatibus qui qui fugiat rerum eaque. Et consequuntur totam earum dignissimos molestias. Eos eaque inventore ea esse similique laboriosam.', 0, '2018-05-22 10:57:53', '2018-05-22 10:57:53'),
(205, 36, 'Fae Williamson', 'Suscipit minima a vero aperiam et eligendi quaerat. Ut dignissimos quo et incidunt. Impedit voluptatem similique odit velit qui consequatur.', 2, '2018-05-22 10:57:53', '2018-05-22 10:57:53'),
(206, 47, 'Dr. Aurore Heller Sr.', 'Atque et iure officia et explicabo modi veniam. Doloribus id harum corporis nobis consequatur qui quisquam. Voluptatem dignissimos doloremque voluptatem omnis.', 5, '2018-05-22 10:57:54', '2018-05-22 10:57:54'),
(207, 15, 'Mr. Rogers Lesch PhD', 'Rerum ullam unde quia voluptas. Accusamus et soluta architecto. Quod totam est at dolore consequatur quidem vitae.', 0, '2018-05-22 10:57:54', '2018-05-22 10:57:54');
INSERT INTO `reviews` (`id`, `product_id`, `customer`, `review`, `star`, `created_at`, `updated_at`) VALUES
(208, 16, 'Autumn West PhD', 'Sed quam tempore incidunt ut. Provident consequatur voluptas sunt sit quia inventore. Officia magni ab numquam qui praesentium nam accusamus sit.', 3, '2018-05-22 10:57:54', '2018-05-22 10:57:54'),
(209, 30, 'Dr. Myles Bartoletti Jr.', 'Et dolore sit quasi voluptatem omnis et. Sunt dolores dignissimos est omnis. Qui dolor sit quia corrupti nostrum. Animi aut sint soluta est.', 0, '2018-05-22 10:57:54', '2018-05-22 10:57:54'),
(210, 3, 'Dr. Neal Reinger', 'Et vel dolorem quis ipsa numquam quo ea. Aut distinctio est sunt ea aut inventore. Repellat molestias consequuntur modi et.', 0, '2018-05-22 10:57:54', '2018-05-22 10:57:54'),
(211, 21, 'Jackeline Metz', 'Sit nihil omnis ut temporibus quam. Vel sed dicta saepe sequi. Atque debitis id temporibus et ut dignissimos.', 3, '2018-05-22 10:57:55', '2018-05-22 10:57:55'),
(212, 5, 'Madonna Herman', 'Quia rerum sunt ut voluptas dolorum non. Ea quas ea ad distinctio. Quae doloremque deleniti nostrum amet perferendis. Officiis at odit nam animi.', 5, '2018-05-22 10:57:55', '2018-05-22 10:57:55'),
(213, 23, 'Treva Fahey Sr.', 'Nobis et distinctio autem eum qui est dolor at. Quos at et nostrum et. Eum et aspernatur voluptatem quasi repellendus.', 2, '2018-05-22 10:57:55', '2018-05-22 10:57:55'),
(214, 11, 'Prof. Nikki Rowe', 'Et et consectetur non sunt. Et repellendus rerum velit dicta saepe.', 4, '2018-05-22 10:57:55', '2018-05-22 10:57:55'),
(215, 45, 'Dr. Mose Frami DDS', 'Expedita unde voluptates facere cum qui aut. Eligendi impedit et quos ab corrupti. Temporibus et in ad iusto sed possimus praesentium. Error id nihil aspernatur ullam sunt incidunt.', 0, '2018-05-22 10:57:56', '2018-05-22 10:57:56'),
(216, 9, 'Eino Walter', 'Laudantium dolorem quo hic porro blanditiis veritatis. Quia exercitationem qui libero saepe cum sit inventore. Cupiditate ea maxime ab enim corporis magnam. Omnis qui aspernatur deserunt dignissimos. Fugiat similique autem at optio adipisci omnis.', 2, '2018-05-22 10:57:56', '2018-05-22 10:57:56'),
(217, 17, 'Tess Spinka', 'Esse illo est numquam non ullam quasi nulla dolorem. Eligendi perferendis ut rerum. At minus qui enim consectetur ut aperiam.', 0, '2018-05-22 10:57:56', '2018-05-22 10:57:56'),
(218, 32, 'Oral Ernser', 'Sit eum est sit qui. Voluptates voluptas sed optio blanditiis eius voluptatem. Voluptatibus cumque ut sit deserunt unde sint voluptates.', 5, '2018-05-22 10:57:56', '2018-05-22 10:57:56'),
(219, 38, 'Florencio Stroman', 'Velit iusto ullam magni doloremque quaerat sint. Sed perspiciatis et laudantium iste. Qui nobis accusamus qui porro velit rerum impedit.', 4, '2018-05-22 10:57:56', '2018-05-22 10:57:56'),
(220, 34, 'Marco Gutmann', 'Ipsam illo recusandae laudantium omnis. Aliquid soluta et iure ut libero. Quis eius aut ratione deserunt iure molestiae placeat.', 2, '2018-05-22 10:57:56', '2018-05-22 10:57:56'),
(221, 4, 'Prof. Vena Rempel III', 'Aut nesciunt debitis nesciunt assumenda. Quia praesentium ut tempora voluptatem. Aperiam asperiores omnis voluptatem consequuntur placeat omnis non. Fugit aut est quis delectus.', 2, '2018-05-22 10:57:57', '2018-05-22 10:57:57'),
(222, 44, 'Ms. Alexandria Kirlin DDS', 'Eligendi libero sequi facere dolore dolores itaque sed est. Rerum est dolor aut quos eligendi.', 0, '2018-05-22 10:57:57', '2018-05-22 10:57:57'),
(223, 27, 'Ms. Pattie Shanahan', 'Modi voluptates molestiae totam sed maiores omnis. Quaerat labore cum non sed ipsa quam distinctio placeat. Libero cum ducimus commodi cumque.', 5, '2018-05-22 10:57:57', '2018-05-22 10:57:57'),
(224, 31, 'Prof. Katherine Kris IV', 'Error et consequuntur et sit ipsam aut. Explicabo et temporibus esse laborum nesciunt qui. Odio officiis ut voluptatem sit fugiat.', 3, '2018-05-22 10:57:57', '2018-05-22 10:57:57'),
(225, 10, 'Kraig Labadie Jr.', 'Ut nisi est aspernatur perferendis et soluta dicta. Aliquid corrupti dolorum omnis officiis tempora et. Itaque aut nostrum odio est. Nihil possimus non voluptatum vel recusandae ducimus a. Tenetur qui nostrum nesciunt voluptatem.', 2, '2018-05-22 10:57:57', '2018-05-22 10:57:57'),
(226, 42, 'Ms. Kaylin Smith', 'Nulla quasi ea ullam. Quisquam ea est quis adipisci similique itaque. Nostrum officiis quia quasi ut illum. Quia quod cum optio sunt et placeat.', 5, '2018-05-22 10:57:57', '2018-05-22 10:57:57'),
(227, 30, 'Zoe Kuvalis', 'Et facere molestiae delectus cupiditate quidem. Alias est porro labore voluptatem. Voluptatum vel illo ea nihil nihil facilis.', 1, '2018-05-22 10:57:57', '2018-05-22 10:57:57'),
(228, 23, 'Jared Gleason', 'Quidem voluptas et fuga repudiandae numquam optio reprehenderit. Dolores rerum rem blanditiis sit aut maxime tenetur. Debitis voluptas possimus unde alias ut alias rerum. Eos esse qui est numquam modi occaecati impedit. Quas sed et at magnam est dolorum nostrum.', 2, '2018-05-22 10:57:58', '2018-05-22 10:57:58'),
(229, 28, 'Alexane Reichel', 'Ratione repudiandae fuga sint. Dolore dolore consequatur blanditiis. Qui minus autem non odit. Hic dicta aliquam accusamus et eaque architecto.', 2, '2018-05-22 10:57:58', '2018-05-22 10:57:58'),
(230, 14, 'Yolanda Nicolas', 'Totam qui excepturi et officia numquam sunt. Atque aut sunt recusandae natus voluptas.', 5, '2018-05-22 10:57:58', '2018-05-22 10:57:58'),
(231, 22, 'Abbey Hoeger', 'Et aliquid voluptas est consectetur non. Dicta fugiat voluptas rem est ducimus repudiandae non. Consequatur dignissimos amet repudiandae voluptas consequatur consequatur quae quasi. Consectetur corrupti dolores inventore eos.', 3, '2018-05-22 10:57:58', '2018-05-22 10:57:58'),
(232, 4, 'Michel Cummings Jr.', 'Necessitatibus doloribus laudantium sunt quis. Quos ut dolorem maiores sed quam. Quas consequatur sunt tempore. Iure consequatur a eum.', 2, '2018-05-22 10:57:58', '2018-05-22 10:57:58'),
(233, 43, 'Mr. Emmitt Beatty I', 'Vitae ut sit et. Tenetur numquam aut modi officia et labore voluptatem. Quae eligendi animi officia nam magnam modi.', 2, '2018-05-22 10:57:59', '2018-05-22 10:57:59'),
(234, 28, 'Brenden Streich', 'Nostrum qui neque modi consequatur eveniet vitae assumenda. Quas quibusdam et nihil necessitatibus voluptatem. Voluptas facilis impedit et ipsum error.', 1, '2018-05-22 10:57:59', '2018-05-22 10:57:59'),
(235, 24, 'Miguel Sauer', 'Impedit repellendus accusamus pariatur quod blanditiis asperiores occaecati. Aut sed in ut ipsum mollitia ut non. Repellat est hic omnis accusantium neque eaque voluptas est. Laborum quam veniam neque et sed id excepturi iste.', 1, '2018-05-22 10:57:59', '2018-05-22 10:57:59'),
(236, 14, 'Alivia Pfannerstill', 'Dicta vel qui doloribus eum. Dicta doloribus qui expedita. Hic praesentium debitis dignissimos est sint repellendus voluptas hic. Ut et voluptatibus qui quia amet.', 2, '2018-05-22 10:57:59', '2018-05-22 10:57:59'),
(237, 23, 'Cheyanne Zulauf', 'Ut voluptatem magni ullam aut ad iusto vel. Et nesciunt quibusdam eos repudiandae at reprehenderit. Nihil sed ipsam consectetur ut. Eaque earum ipsam aut ut voluptates dolorem recusandae.', 2, '2018-05-22 10:58:00', '2018-05-22 10:58:00'),
(238, 11, 'Clara Kilback', 'Assumenda beatae fugit dolorem velit voluptate quia est qui. Sint numquam debitis eos hic atque. Voluptas molestiae assumenda repellat inventore soluta earum eum.', 0, '2018-05-22 10:58:00', '2018-05-22 10:58:00'),
(239, 34, 'Santino Watsica', 'Corrupti dolor architecto autem libero. Et aut deserunt et totam est suscipit. Nihil ut qui voluptatem omnis harum.', 5, '2018-05-22 10:58:01', '2018-05-22 10:58:01'),
(240, 25, 'Anissa Becker', 'Consequatur eaque doloremque iure. Aut aperiam voluptatum ipsum quo assumenda laboriosam. Quibusdam necessitatibus ex non facere incidunt. Sapiente natus officia explicabo facere.', 1, '2018-05-22 10:58:02', '2018-05-22 10:58:02'),
(241, 10, 'Zaria Sawayn', 'Quis ipsam repellendus sit nihil incidunt. Doloremque tenetur minima quasi a consequatur distinctio. Voluptate illo amet et corrupti minima. Nisi omnis recusandae sit.', 0, '2018-05-22 10:58:02', '2018-05-22 10:58:02'),
(242, 26, 'Dr. Demetrius Hand', 'At minus fugiat quisquam assumenda omnis impedit dicta aut. Iure recusandae ut accusamus recusandae.', 2, '2018-05-22 10:58:02', '2018-05-22 10:58:02'),
(243, 48, 'Allene Kunze IV', 'Aliquam sequi et est earum omnis maiores. Non et maxime aut possimus voluptas autem perferendis et. Debitis nesciunt ut a est quidem qui quia. Ut et incidunt consectetur.', 3, '2018-05-22 10:58:02', '2018-05-22 10:58:02'),
(244, 16, 'Wellington Hodkiewicz', 'Quibusdam rerum non maiores incidunt. Enim perspiciatis consectetur excepturi eius quibusdam animi eos nostrum. Eius dolores et soluta natus ut dolores. Qui libero et amet.', 0, '2018-05-22 10:58:02', '2018-05-22 10:58:02'),
(245, 47, 'Kavon Durgan Sr.', 'Sequi et ut consequatur eius. Exercitationem nisi eius et nobis rem sit id. Optio quia suscipit aut. Enim illum quasi soluta vero corrupti.', 4, '2018-05-22 10:58:03', '2018-05-22 10:58:03'),
(246, 2, 'Hilda Kuphal', 'Tenetur cum sed ea facilis delectus aut veniam. Odit adipisci non voluptatem sed repellat. Ut exercitationem sunt explicabo quis sapiente sit. Non et tempora velit aut commodi aut asperiores.', 3, '2018-05-22 10:58:03', '2018-05-22 10:58:03'),
(247, 40, 'Kassandra Beer', 'Maxime dolor beatae odio reprehenderit quidem ab id ad. Voluptas alias aut quibusdam nulla. Ut minus molestiae earum qui id ducimus est.', 3, '2018-05-22 10:58:03', '2018-05-22 10:58:03'),
(248, 9, 'Carlee Wolff', 'Qui at praesentium natus atque. Rerum cumque debitis at aspernatur eveniet. Deleniti quo occaecati nostrum atque totam non.', 3, '2018-05-22 10:58:03', '2018-05-22 10:58:03'),
(249, 23, 'Justen Bradtke', 'Error perferendis animi eos dolorum dolorum. Possimus occaecati error et dolores in. Quam nesciunt nostrum rerum dolore iure voluptas. Aut dolore voluptatibus et tempore saepe.', 1, '2018-05-22 10:58:03', '2018-05-22 10:58:03'),
(250, 3, 'Berneice Hahn', 'Eos voluptatum et aut omnis et perspiciatis. Molestias vero officia consequatur esse vero. Corrupti quod possimus temporibus pariatur modi. Alias et necessitatibus nulla dolore consequuntur expedita sit. Non dolores illo adipisci sint omnis.', 1, '2018-05-22 10:58:04', '2018-05-22 10:58:04'),
(251, 23, 'Lenna Hodkiewicz', 'Et temporibus itaque accusamus quod expedita. Quia aut eveniet possimus recusandae velit. Aperiam doloribus et earum sapiente ut omnis. Dolorem qui pariatur quidem molestias. Rerum deserunt placeat non.', 4, '2018-05-22 10:58:04', '2018-05-22 10:58:04'),
(252, 12, 'Mr. Orion Predovic V', 'Illum tempore quod molestiae est sunt veritatis. Iure magni quisquam consequatur quos vitae aut. Fuga sunt ad et minus dolorem eius ea sed. Quia fugit nulla voluptas provident rerum officiis quod.', 3, '2018-05-22 10:58:04', '2018-05-22 10:58:04'),
(253, 23, 'Larue Stamm', 'Quo quis voluptatibus autem rem. Qui molestias ut dolor dolore et quia voluptas. Et rem laborum amet veniam. Et fugit quia soluta expedita.', 5, '2018-05-22 10:58:04', '2018-05-22 10:58:04'),
(254, 31, 'Mrs. Mathilde Hilll Sr.', 'Blanditiis vel illum laboriosam sapiente id. Sed sint consequatur officiis vel. Accusamus voluptatum consectetur quis qui at vel est.', 2, '2018-05-22 10:58:04', '2018-05-22 10:58:04'),
(255, 38, 'Juwan Kuphal', 'Doloremque consectetur maxime laudantium tenetur consequatur non enim quia. Unde aliquid voluptatem sint est. Ea voluptatem pariatur occaecati magni accusantium qui sunt. Officia et non commodi.', 5, '2018-05-22 10:58:04', '2018-05-22 10:58:04'),
(256, 27, 'Karli Reynolds', 'Dolores quidem explicabo harum inventore. Sequi qui similique omnis ea consequatur ut. Illo veritatis possimus et tempora. Rerum aut aut sint illum beatae eos.', 5, '2018-05-22 10:58:05', '2018-05-22 10:58:05'),
(257, 35, 'Alvis Hartmann I', 'Modi neque sed vitae reiciendis. Ratione beatae dolorem corporis officia ex provident exercitationem repellat. Illo sed eligendi debitis sint et rerum voluptate. Dolor sapiente in et facere incidunt nihil provident.', 3, '2018-05-22 10:58:05', '2018-05-22 10:58:05'),
(258, 20, 'Sedrick Erdman', 'Repellendus expedita laboriosam praesentium explicabo totam. Explicabo omnis at aut est illum omnis. Voluptatum repellendus quasi tenetur error error vero eum. Voluptatibus atque odit sint voluptatem consectetur. Fugit ratione consequatur quo quod.', 4, '2018-05-22 10:58:05', '2018-05-22 10:58:05'),
(259, 37, 'Aliza Mayert', 'Dolores illo voluptatem rem velit laboriosam. Velit sit ut adipisci dolore atque aut. Voluptatum tempore ut perferendis aut corporis facilis et.', 4, '2018-05-22 10:58:05', '2018-05-22 10:58:05'),
(260, 30, 'Ms. Chelsea Bogisich Jr.', 'Consequatur rerum aut atque non deserunt similique. Aut quae placeat officiis vero id quos. Quasi atque animi incidunt vero veniam quia. Dolor cupiditate dolorem dolore dolor.', 0, '2018-05-22 10:58:05', '2018-05-22 10:58:05'),
(261, 1, 'Prof. Joseph Gulgowski I', 'Maxime nisi voluptatem ut doloribus est. Praesentium eius accusantium non. Laudantium nam consequuntur quia iure dolorem voluptatem. Molestiae soluta ea aut natus dolor.', 3, '2018-05-22 10:58:05', '2018-05-22 10:58:05'),
(262, 37, 'Jarrod Mayert', 'Nostrum reiciendis autem modi tempora pariatur non quia. Et dolorem tempore ab neque sit eligendi optio suscipit. Illum velit rerum dolores perspiciatis sit vel qui. Quam omnis accusantium hic nesciunt assumenda est quis.', 4, '2018-05-22 10:58:06', '2018-05-22 10:58:06'),
(263, 34, 'Rogelio Dietrich', 'Dolores praesentium consequatur asperiores dignissimos eveniet quasi nam porro. Omnis quia ad saepe eius voluptas. Possimus consequatur eos beatae doloremque. Sunt deleniti facilis beatae at itaque corporis.', 0, '2018-05-22 10:58:06', '2018-05-22 10:58:06'),
(264, 21, 'Tressa Hand II', 'Deleniti ut deleniti id repellendus neque error. Vero dolor sed repellendus inventore explicabo. Et asperiores delectus harum ipsam.', 0, '2018-05-22 10:58:06', '2018-05-22 10:58:06'),
(265, 17, 'Walker Stroman', 'Reiciendis ut molestiae nesciunt. Fugiat iste perferendis illum minima. Provident non ea delectus odio magni laboriosam. Ipsam voluptate quia eos dignissimos debitis omnis alias tempora.', 4, '2018-05-22 10:58:06', '2018-05-22 10:58:06'),
(266, 44, 'Vicky Huels Jr.', 'Quidem illum sit sunt. Tempora fuga placeat non praesentium assumenda laudantium harum. Similique officia qui rerum dignissimos eum beatae cum. In eos et facilis voluptatem.', 2, '2018-05-22 10:58:06', '2018-05-22 10:58:06'),
(267, 22, 'Mr. Raven Cole Jr.', 'Illo minus officia ut et. Doloremque delectus temporibus qui qui et quia facilis. Iste rem dolores ut quo et. Optio cumque similique assumenda voluptas quisquam suscipit.', 1, '2018-05-22 10:58:06', '2018-05-22 10:58:06'),
(268, 33, 'Clint Bradtke', 'Ad repellendus impedit repellendus molestiae hic. Et qui non cumque quo eligendi eos tempora. Occaecati quam saepe voluptatem dignissimos dicta consectetur est voluptatem. Autem eos qui molestias.', 5, '2018-05-22 10:58:07', '2018-05-22 10:58:07'),
(269, 6, 'Carter Huels', 'Ab doloremque et veniam aut porro est. Laudantium magnam a in reiciendis nemo. Vel voluptas odit accusamus labore aperiam pariatur quia. Dicta dicta iusto nulla sed sed aut accusantium.', 0, '2018-05-22 10:58:07', '2018-05-22 10:58:07'),
(270, 26, 'Dr. Dock Boyle', 'Illum est vitae commodi. Non consectetur et assumenda necessitatibus. Illum quidem quam sit.', 1, '2018-05-22 10:58:07', '2018-05-22 10:58:07'),
(271, 40, 'Gwendolyn Gorczany', 'Numquam suscipit reprehenderit modi. Fugiat nam blanditiis ipsa vitae voluptatibus. Voluptatem odit impedit repellat non.', 0, '2018-05-22 10:58:08', '2018-05-22 10:58:08'),
(272, 16, 'Dr. Damion Gaylord PhD', 'Aspernatur vitae est amet necessitatibus ipsam reprehenderit earum. Delectus laudantium sit aut expedita odio voluptate eaque. Asperiores temporibus quisquam consequuntur tenetur.', 1, '2018-05-22 10:58:08', '2018-05-22 10:58:08'),
(273, 19, 'Mrs. Etha Auer I', 'Earum vitae nihil facilis ut. Rerum autem quis dolores quisquam dicta sunt. Optio quisquam laborum quia quo doloremque accusantium. At et exercitationem facere. Ut quis quo modi ut doloremque minus autem.', 2, '2018-05-22 10:58:08', '2018-05-22 10:58:08'),
(274, 32, 'Dr. Jayda Morissette Jr.', 'Ratione assumenda magnam consequatur cum. Et aspernatur enim quos aut. Consectetur ea vel repudiandae alias occaecati. Ut iure illum vero rem esse quia.', 0, '2018-05-22 10:58:08', '2018-05-22 10:58:08'),
(275, 15, 'Nicholaus Quitzon', 'Quis quo quam repellat dicta. Vero aut perferendis libero sit. Mollitia officiis esse velit aut hic.', 1, '2018-05-22 10:58:09', '2018-05-22 10:58:09'),
(276, 41, 'Ericka Simonis', 'Quos beatae magnam quisquam quod labore quam quibusdam. Totam culpa quasi saepe.', 2, '2018-05-22 10:58:09', '2018-05-22 10:58:09'),
(277, 49, 'Lera Thompson PhD', 'Sapiente illum est voluptates officia quo modi esse. Ut possimus perspiciatis pariatur. Repellendus vel consequuntur in expedita.', 2, '2018-05-22 10:58:09', '2018-05-22 10:58:09'),
(278, 10, 'Jaclyn Harber', 'Hic enim ipsa exercitationem sunt consequatur iste necessitatibus. Occaecati enim nulla autem laborum placeat optio at. Saepe eaque nam sunt quis nostrum enim ratione. Sint dolores cum sed eligendi non sunt.', 2, '2018-05-22 10:58:09', '2018-05-22 10:58:09'),
(279, 43, 'Jazmyne Sauer', 'Voluptatum minima non exercitationem quibusdam. Autem inventore totam non optio.', 3, '2018-05-22 10:58:10', '2018-05-22 10:58:10'),
(280, 27, 'Cyril Schultz', 'Rerum repellat nihil doloremque minima voluptatum. Expedita veritatis occaecati quis unde officiis quia dolores. Itaque occaecati dolores eos nam eos voluptatem.', 1, '2018-05-22 10:58:10', '2018-05-22 10:58:10'),
(281, 46, 'Hank Russel', 'Dolores fuga voluptate ut velit iste ut id. Labore expedita pariatur ea vero.', 4, '2018-05-22 10:58:10', '2018-05-22 10:58:10'),
(282, 22, 'Hilda Lind II', 'Ut cum accusamus eius nostrum hic non. Qui nemo magnam rerum vel omnis nostrum quam. Dolorem exercitationem quaerat et in qui et quaerat veniam. Dignissimos vel labore exercitationem sit. Iusto impedit molestias et.', 2, '2018-05-22 10:58:10', '2018-05-22 10:58:10'),
(283, 49, 'Tommie Blick', 'Et assumenda eos ab et vel ea. Animi ut ab veniam. Vel et sunt fuga sequi debitis accusantium optio exercitationem.', 5, '2018-05-22 10:58:10', '2018-05-22 10:58:10'),
(284, 46, 'Noel Weissnat', 'Facere odio recusandae quasi non vero veniam. Dignissimos iusto earum ut reiciendis. Nulla libero eos quibusdam velit aut.', 3, '2018-05-22 10:58:10', '2018-05-22 10:58:10'),
(285, 8, 'Peyton Bahringer', 'Et quia praesentium ut qui et. Placeat nobis harum dolor iste dolore autem. Blanditiis aperiam in eligendi odit pariatur natus assumenda nisi.', 4, '2018-05-22 10:58:11', '2018-05-22 10:58:11'),
(286, 35, 'Andres Lubowitz', 'Rerum placeat numquam sapiente sit. Dolorum dicta et aut sunt ratione dolorum est nam. Aut temporibus ipsa ut laborum nihil quo commodi.', 1, '2018-05-22 10:58:11', '2018-05-22 10:58:11'),
(287, 17, 'Dr. Gretchen Goldner', 'Nostrum adipisci quas corporis ut. Non incidunt et qui fugit. Possimus sunt voluptatibus quaerat repudiandae illo.', 5, '2018-05-22 10:58:11', '2018-05-22 10:58:11'),
(288, 41, 'Bryce Mante', 'Dignissimos est quia dignissimos id quia doloremque. Consectetur porro minima voluptatibus quidem dolor aut non. Dolores molestias ab accusantium vel et labore. Architecto sed laborum facere sequi. Quas dicta itaque maiores aspernatur voluptas officiis.', 4, '2018-05-22 10:58:11', '2018-05-22 10:58:11'),
(289, 38, 'Miss Hailie Goyette', 'Nisi et quaerat quia et iure. Eligendi aut consectetur qui ut. Consequatur molestiae libero itaque non.', 2, '2018-05-22 10:58:11', '2018-05-22 10:58:11'),
(290, 44, 'Geovany Feest', 'Nesciunt non maiores amet sunt voluptates et voluptates. Non omnis quis saepe incidunt odit. Quisquam quasi eos quaerat quo eos magni dolore qui.', 1, '2018-05-22 10:58:12', '2018-05-22 10:58:12'),
(291, 2, 'Tessie Weber', 'Dolore repudiandae rerum nesciunt. Earum voluptatum eos perferendis et placeat perspiciatis magnam. Et ratione saepe dolorum voluptas eum sequi.', 2, '2018-05-22 10:58:12', '2018-05-22 10:58:12'),
(292, 26, 'Trisha Johns', 'Voluptate et nobis amet ea. Quam sequi eum animi est et numquam aut. Nam rerum soluta expedita consequatur. Labore rerum facere ex dolores tempore facilis veniam.', 2, '2018-05-22 10:58:12', '2018-05-22 10:58:12'),
(293, 2, 'Mr. Wyatt Effertz I', 'Delectus deleniti eum consequuntur qui iste laboriosam eius. Assumenda ab nihil harum alias voluptas vel rerum non. Minima rerum iure quasi excepturi nemo fuga. Libero minima sit ut et.', 5, '2018-05-22 10:58:12', '2018-05-22 10:58:12'),
(294, 4, 'Bianka Hane', 'Tempora nam qui sint deserunt et. Excepturi alias nihil ipsa sit adipisci perferendis quia. Exercitationem consequatur minima qui molestiae eligendi.', 4, '2018-05-22 10:58:12', '2018-05-22 10:58:12'),
(295, 46, 'Armani Altenwerth MD', 'Quia asperiores in laboriosam rerum enim eum in omnis. Voluptates itaque ut iure porro tempore laborum. Est perferendis est et consequuntur qui sunt dolorum et. Sunt repellat suscipit quia impedit blanditiis. Sint eum quia aut voluptatem rerum.', 0, '2018-05-22 10:58:12', '2018-05-22 10:58:12'),
(296, 4, 'Orpha Bradtke PhD', 'Cupiditate atque distinctio numquam quis fugit. Sunt dicta dolorem quod in debitis quam tempora. Aut ipsum est nemo sint quos. Sit iusto non qui eligendi qui.', 0, '2018-05-22 10:58:12', '2018-05-22 10:58:12'),
(297, 43, 'Lula Weimann Jr.', 'Id sed omnis autem ipsum ut perferendis. Quis dicta neque exercitationem possimus adipisci quo molestias. Eaque quia rem pariatur ut sed ut perferendis nemo. Placeat officia fugit odit sed esse reiciendis.', 4, '2018-05-22 10:58:13', '2018-05-22 10:58:13'),
(298, 35, 'Eulalia Klocko DVM', 'Iste autem in occaecati eveniet at. Quo non excepturi officiis sit aut. Autem explicabo dolorem voluptatem eum.', 3, '2018-05-22 10:58:13', '2018-05-22 10:58:13'),
(299, 23, 'Carissa Rath', 'Voluptatum placeat aut pariatur qui deserunt quasi praesentium. Veniam dolores explicabo quibusdam occaecati. In excepturi officia aut non. Repudiandae ex sed molestiae repellendus.', 4, '2018-05-22 10:58:13', '2018-05-22 10:58:13'),
(300, 7, 'Francisca Eichmann Sr.', 'Debitis expedita est odit accusantium dignissimos. Quia voluptatem ut iste. Id odio sequi sit perferendis molestias iste.', 3, '2018-05-22 10:58:13', '2018-05-22 10:58:13');

-- --------------------------------------------------------

--
-- Table structure for table `users`
--

CREATE TABLE `users` (
  `id` int(10) UNSIGNED NOT NULL,
  `name` varchar(255) COLLATE utf8mb4_unicode_ci NOT NULL,
  `email` varchar(255) COLLATE utf8mb4_unicode_ci NOT NULL,
  `password` varchar(255) COLLATE utf8mb4_unicode_ci NOT NULL,
  `remember_token` varchar(100) COLLATE utf8mb4_unicode_ci DEFAULT NULL,
  `created_at` timestamp NULL DEFAULT NULL,
  `updated_at` timestamp NULL DEFAULT NULL
) ENGINE=InnoDB DEFAULT CHARSET=utf8mb4 COLLATE=utf8mb4_unicode_ci;

--
-- Indexes for dumped tables
--

--
-- Indexes for table `migrations`
--
ALTER TABLE `migrations`
  ADD PRIMARY KEY (`id`);

--
-- Indexes for table `password_resets`
--
ALTER TABLE `password_resets`
  ADD KEY `password_resets_email_index` (`email`);

--
-- Indexes for table `products`
--
ALTER TABLE `products`
  ADD PRIMARY KEY (`id`);

--
-- Indexes for table `reviews`
--
ALTER TABLE `reviews`
  ADD PRIMARY KEY (`id`),
  ADD KEY `reviews_product_id_index` (`product_id`);

--
-- Indexes for table `users`
--
ALTER TABLE `users`
  ADD PRIMARY KEY (`id`),
  ADD UNIQUE KEY `users_email_unique` (`email`);

--
-- AUTO_INCREMENT for dumped tables
--

--
-- AUTO_INCREMENT for table `migrations`
--
ALTER TABLE `migrations`
  MODIFY `id` int(10) UNSIGNED NOT NULL AUTO_INCREMENT, AUTO_INCREMENT=9;

--
-- AUTO_INCREMENT for table `products`
--
ALTER TABLE `products`
  MODIFY `id` int(10) UNSIGNED NOT NULL AUTO_INCREMENT, AUTO_INCREMENT=51;

--
-- AUTO_INCREMENT for table `reviews`
--
ALTER TABLE `reviews`
  MODIFY `id` int(10) UNSIGNED NOT NULL AUTO_INCREMENT, AUTO_INCREMENT=301;

--
-- AUTO_INCREMENT for table `users`
--
ALTER TABLE `users`
  MODIFY `id` int(10) UNSIGNED NOT NULL AUTO_INCREMENT;

--
-- Constraints for dumped tables
--

--
-- Constraints for table `reviews`
--
ALTER TABLE `reviews`
  ADD CONSTRAINT `reviews_product_id_foreign` FOREIGN KEY (`product_id`) REFERENCES `products` (`id`) ON DELETE CASCADE;
COMMIT;

/*!40101 SET CHARACTER_SET_CLIENT=@OLD_CHARACTER_SET_CLIENT */;
/*!40101 SET CHARACTER_SET_RESULTS=@OLD_CHARACTER_SET_RESULTS */;
/*!40101 SET COLLATION_CONNECTION=@OLD_COLLATION_CONNECTION */;
